Date,V39062,V39056,V39057
2022-05-19, 2.90, 2.86, 1.06
2022-05-18, 2.96, 2.91, 1.05
2022-05-17, 3.05, 3.02, 1.19
2022-05-16, 2.95, 2.91, 1.10
2022-05-13, 2.97, 2.93, 1.12
2022-05-12, 2.94, 2.90, 1.14
2022-05-11, 2.99, 2.95, 1.14
2022-05-10, 3.01, 2.97, 1.21
2022-05-09, 3.01, 2.97, 1.16
2022-05-06, 3.08, 3.04, 1.19
2022-05-05, 3.00, 2.95, 1.09
2022-05-04, 2.90, 2.86, 1.01
2022-05-03, 2.92, 2.88, 1.07
2022-05-02, 2.91, 2.87, 1.04
2022-04-29, 2.85, 2.81, 0.93
2022-04-28, 2.79, 2.75, 0.86
2022-04-27, 2.82, 2.79, 0.91
2022-04-26, 2.75, 2.72, 0.84
2022-04-25, 2.81, 2.78, 0.84
2022-04-22, 2.85, 2.82, 0.86
2022-04-21, 2.86, 2.82, 0.86
2022-04-20, 2.80, 2.77, 0.83
2022-04-19, 2.81, 2.78, 0.86
2022-04-18, 2.77, 2.74, 0.83
2022-04-15, Bank holiday, Bank holiday, Bank holiday
2022-04-14, 2.74, 2.71, 0.82
2022-04-13, 2.64, 2.61, 0.77
2022-04-12, 2.64, 2.61, 0.74
2022-04-11, 2.69, 2.66, 0.80
2022-04-08, 2.62, 2.58, 0.74
2022-04-07, 2.56, 2.52, 0.72
2022-04-06, 2.50, 2.45, 0.64
2022-04-05, 2.49, 2.45, 0.62
2022-04-04, 2.41, 2.37, 0.57
2022-04-01, 2.42, 2.37, 0.57
2022-03-31, 2.41, 2.37, 0.54
2022-03-30, 2.45, 2.41, 0.58
2022-03-29, 2.50, 2.46, 0.61
2022-03-28, 2.52, 2.48, 0.61
2022-03-25, 2.58, 2.55, 0.67
2022-03-24, 2.48, 2.46, 0.57
2022-03-23, 2.44, 2.42, 0.53
2022-03-22, 2.58, 2.56, 0.68
2022-03-21, 2.48, 2.47, 0.59
2022-03-18, 2.38, 2.38, 0.49
2022-03-17, 2.41, 2.40, 0.47
2022-03-16, 2.39, 2.39, 0.49
2022-03-15, 2.47, 2.49, 0.55
2022-03-14, 2.42, 2.42, 0.47
2022-03-11, 2.28, 2.29, 0.34
2022-03-10, 2.24, 2.24, 0.34
2022-03-09, 2.19, 2.19, 0.31
2022-03-08, 2.12, 2.11, 0.21
2022-03-07, 2.02, 2.02, 0.21
2022-03-04, 1.96, 1.96, 0.19
2022-03-03, 2.03, 2.02, 0.25
2022-03-02, 2.06, 2.05, 0.26
2022-03-01, 1.99, 1.99, 0.24
2022-02-28, 2.13, 2.12, 0.37
2022-02-25, 2.18, 2.18, 0.50
2022-02-24, 2.20, 2.20, 0.52
2022-02-23, 2.24, 2.23, 0.56
2022-02-22, 2.18, 2.18, 0.53
2022-02-21, Bank holiday, Bank holiday, Bank holiday
2022-02-18, 2.15, 2.15, 0.51
2022-02-17, 2.17, 2.17, 0.53
2022-02-16, 2.21, 2.21, 0.54
2022-02-15, 2.22, 2.22, 0.56
2022-02-14, 2.19, 2.19, 0.53
2022-02-11, 2.13, 2.13, 0.47
2022-02-10, 2.20, 2.20, 0.54
2022-02-09, 2.13, 2.14, 0.48
2022-02-08, 2.13, 2.14, 0.47
2022-02-07, 2.09, 2.09, 0.44
2022-02-04, 2.10, 2.10, 0.44
2022-02-03, 2.06, 2.07, 0.42
2022-02-02, 2.04, 2.04, 0.36
2022-02-01, 2.07, 2.08, 0.37
2022-01-31, 2.05, 2.05, 0.33
2022-01-28, 2.00, 2.00, 0.28
2022-01-27, 2.00, 2.00, 0.28
2022-01-26, 2.07, 2.07, 0.33
2022-01-25, 2.05, 2.05, 0.32
2022-01-24, 2.04, 2.04, 0.31
2022-01-21, 1.99, 1.99, 0.26
2022-01-20, 2.06, 2.06, 0.31
2022-01-19, 2.07, 2.08, 0.33
2022-01-18, 2.10, 2.10, 0.34
2022-01-17, 2.03, 2.04, 0.29
2022-01-14, 2.00, 2.01, 0.26
2022-01-13, 1.94, 1.96, 0.21
2022-01-12, 1.97, 1.98, 0.21
2022-01-11, 1.94, 1.95, 0.17
2022-01-10, 1.95, 1.96, 0.19
2022-01-07, 1.96, 1.97, 0.20
2022-01-06, 1.92, 1.93, 0.16
2022-01-05, 1.84, 1.85, 0.04
2022-01-04, 1.82, 1.82, -0.03
2022-01-03, Bank holiday, Bank holiday, Bank holiday
2021-12-31, 1.66, 1.68, -0.14
2021-12-30, 1.70, 1.72, -0.11
2021-12-29, 1.75, 1.76, -0.04
2021-12-28, Bank holiday, Bank holiday, Bank holiday
2021-12-27, Bank holiday, Bank holiday, Bank holiday
2021-12-24, 1.75, 1.76, -0.01
2021-12-23, 1.73, 1.75, -0.02
2021-12-22, 1.71, 1.72, -0.06
2021-12-21, 1.74, 1.76, -0.02
2021-12-20, 1.71, 1.73, -0.02
2021-12-17, 1.64, 1.66, -0.09
2021-12-16, 1.67, 1.69, -0.08
2021-12-15, 1.72, 1.74, -0.05
2021-12-14, 1.76, 1.79, -0.03
2021-12-13, 1.72, 1.75, -0.09
2021-12-10, 1.78, 1.81, -0.07
2021-12-09, 1.79, 1.82, -0.08
2021-12-08, 1.82, 1.84, -0.08
2021-12-07, 1.81, 1.83, -0.08
2021-12-06, 1.77, 1.79, -0.10
2021-12-03, 1.72, 1.74, -0.15
2021-12-02, 1.77, 1.79, -0.10
2021-12-01, 1.77, 1.82, -0.06
2021-11-30, 1.86, 1.89, 0.04
2021-11-29, 1.90, 1.94, 0.06
2021-11-26, 1.95, 2.01, 0.09
2021-11-25, 2.03, 2.07, 0.15
2021-11-24, 2.03, 2.07, 0.15
2021-11-23, 2.10, 2.14, 0.21
2021-11-22, 2.05, 2.09, 0.17
2021-11-19, 1.96, 2.00, 0.07
2021-11-18, 2.00, 2.05, 0.11
2021-11-17, 2.00, 2.05, 0.11
2021-11-16, 2.06, 2.11, 0.18
2021-11-15, 2.02, 2.07, 0.12
2021-11-12, 1.97, 2.03, 0.10
2021-11-11, Bank holiday, Bank holiday, Bank holiday
2021-11-10, 1.96, 2.01, 0.11
2021-11-09, 1.89, 1.95, 0.08
2021-11-08, 1.92, 1.98, 0.12
2021-11-05, 1.90, 1.96, 0.17
2021-11-04, 1.95, 2.01, 0.23
2021-11-03, 2.00, 2.05, 0.30
2021-11-02, 2.00, 2.05, 0.32
2021-11-01, 2.00, 2.04, 0.31
2021-10-29, 1.98, 2.02, 0.26
2021-10-28, 1.91, 1.95, 0.19
2021-10-27, 1.88, 1.92, 0.09
2021-10-26, 1.95, 2.01, 0.14
2021-10-25, 2.00, 2.05, 0.18
2021-10-22, 1.99, 2.05, 0.18
2021-10-21, 2.01, 2.08, 0.21
2021-10-20, 1.98, 2.03, 0.20
2021-10-19, 1.96, 2.00, 0.18
2021-10-18, 1.92, 1.96, 0.14
2021-10-15, 1.93, 1.99, 0.15
2021-10-14, 1.91, 1.97, 0.14
2021-10-13, 1.96, 2.02, 0.20
2021-10-12, 2.00, 2.05, 0.24
2021-10-11, Bank holiday, Bank holiday, Bank holiday
2021-10-08, 2.02, 2.08, 0.26
2021-10-07, 1.97, 2.04, 0.25
2021-10-06, 1.92, 1.99, 0.21
2021-10-05, 1.94, 2.01, 0.23
2021-10-04, 1.90, 1.97, 0.22
2021-10-01, 1.89, 1.96, 0.22
2021-09-30, Bank holiday, Bank holiday, Bank holiday
2021-09-29, 1.92, 1.98, 0.25
2021-09-28, 1.90, 1.97, 0.20
2021-09-27, 1.85, 1.91, 0.16
2021-09-24, 1.83, 1.90, 0.16
2021-09-23, 1.77, 1.83, 0.10
2021-09-22, 1.68, 1.75, 0.05
2021-09-21, 1.70, 1.78, 0.07
2021-09-20, 1.69, 1.76, 0.05
2021-09-17, 1.74, 1.82, 0.08
2021-09-16, 1.69, 1.77, 0.03
2021-09-15, 1.69, 1.77, 0.03
2021-09-14, 1.65, 1.74, 0.00
2021-09-13, 1.70, 1.78, 0.03
2021-09-10, 1.71, 1.80, 0.03
2021-09-09, 1.65, 1.74, -0.01
2021-09-08, 1.69, 1.77, 0.04
2021-09-07, 1.71, 1.79, 0.06
2021-09-06, Bank holiday, Bank holiday, Bank holiday
2021-09-03, 1.66, 1.75, 0.02
2021-09-02, 1.63, 1.72, 0.00
2021-09-01, 1.65, 1.74, 0.06
2021-08-31, 1.71, 1.79, 0.13
2021-08-30, 1.66, 1.74, 0.06
2021-08-27, 1.66, 1.75, 0.07
2021-08-26, 1.69, 1.78, 0.12
2021-08-25, 1.73, 1.82, 0.15
2021-08-24, 1.68, 1.77, 0.11
2021-08-23, 1.65, 1.74, 0.09
2021-08-20, 1.63, 1.72, 0.08
2021-08-19, 1.62, 1.71, 0.07
2021-08-18, 1.65, 1.74, 0.09
2021-08-17, 1.65, 1.74, 0.10
2021-08-16, 1.65, 1.74, 0.08
2021-08-13, 1.68, 1.76, 0.09
2021-08-12, 1.73, 1.81, 0.13
2021-08-11, 1.73, 1.82, 0.15
2021-08-10, 1.72, 1.80, 0.13
2021-08-09, 1.71, 1.79, 0.13
2021-08-06, 1.68, 1.75, 0.09
2021-08-05, 1.62, 1.70, 0.05
2021-08-04, 1.62, 1.70, 0.04
2021-08-03, 1.61, 1.69, 0.03
2021-08-02, Bank holiday, Bank holiday, Bank holiday
2021-07-30, 1.68, 1.76, 0.06
2021-07-29, 1.66, 1.74, 0.03
2021-07-28, 1.64, 1.73, 0.02
2021-07-27, 1.65, 1.74, 0.04
2021-07-26, 1.70, 1.79, 0.07
2021-07-23, 1.69, 1.78, 0.09
2021-07-22, 1.68, 1.76, 0.10
2021-07-21, 1.71, 1.80, 0.14
2021-07-20, 1.66, 1.75, 0.12
2021-07-19, 1.60, 1.69, 0.03
2021-07-16, 1.69, 1.77, 0.08
2021-07-15, 1.70, 1.78, 0.10
2021-07-14, 1.73, 1.81, 0.12
2021-07-13, 1.77, 1.85, 0.15
2021-07-12, 1.75, 1.82, 0.14
2021-07-09, 1.74, 1.82, 0.15
2021-07-08, 1.67, 1.74, 0.08
2021-07-07, 1.69, 1.76, 0.07
2021-07-06, 1.72, 1.79, 0.06
2021-07-05, 1.77, 1.84, 0.11
2021-07-02, 1.77, 1.84, 0.11
2021-07-01, Bank holiday, Bank holiday, Bank holiday
2021-06-30, 1.77, 1.84, 0.11
2021-06-29, 1.80, 1.87, 0.14
2021-06-28, 1.80, 1.87, 0.13
2021-06-25, 1.83, 1.89, 0.15
2021-06-24, 1.77, 1.84, 0.10
2021-06-23, 1.79, 1.86, 0.11
2021-06-22, 1.79, 1.86, 0.11
2021-06-21, 1.79, 1.85, 0.12
2021-06-18, 1.74, 1.81, 0.08
2021-06-17, 1.80, 1.88, 0.12
2021-06-16, 1.86, 1.95, 0.13
2021-06-15, 1.84, 1.94, 0.10
2021-06-14, 1.86, 1.96, 0.14
2021-06-11, 1.84, 1.94, 0.12
2021-06-10, 1.85, 1.94, 0.13
2021-06-09, 1.86, 1.95, 0.15
2021-06-08, 1.89, 1.97, 0.17
2021-06-07, 1.91, 1.99, 0.18
2021-06-04, 1.90, 1.98, 0.17
2021-06-03, 1.96, 2.04, 0.22
2021-06-02, 1.94, 2.02, 0.20
2021-06-01, 1.91, 2.03, 0.22
2021-05-31, 1.92, 2.03, 0.21
2021-05-28, 1.94, 2.06, 0.22
2021-05-27, 1.93, 2.06, 0.22
2021-05-26, 1.91, 2.04, 0.21
2021-05-25, 1.93, 2.07, 0.24
2021-05-24, Bank holiday, Bank holiday, Bank holiday
2021-05-21, 2.01, 2.15, 0.32
2021-05-20, 2.01, 2.15, 0.30
2021-05-19, 2.04, 2.18, 0.32
2021-05-18, 2.04, 2.18, 0.31
2021-05-17, 2.05, 2.19, 0.31
2021-05-14, 2.04, 2.18, 0.32
2021-05-13, 2.03, 2.18, 0.32
2021-05-12, 2.05, 2.19, 0.33
2021-05-11, 2.00, 2.14, 0.32
2021-05-10, 1.97, 2.11, 0.28
2021-05-07, 1.95, 2.07, 0.27
2021-05-06, 1.96, 2.07, 0.32
2021-05-05, 1.95, 2.06, 0.34
2021-05-04, 1.96, 2.07, 0.38
2021-05-03, 1.96, 2.06, 0.38
2021-04-30, 1.97, 2.08, 0.40
2021-04-29, 1.99, 2.09, 0.40
2021-04-28, 1.96, 2.07, 0.38
2021-04-27, 1.99, 2.10, 0.42
2021-04-26, 1.96, 2.07, 0.39
2021-04-23, 1.94, 2.05, 0.38
2021-04-22, 1.93, 2.03, 0.35
2021-04-21, 1.93, 2.01, 0.34
2021-04-20, 1.92, 2.01, 0.34
2021-04-19, 1.94, 2.02, 0.34
2021-04-16, 1.90, 1.98, 0.31
2021-04-15, 1.81, 1.89, 0.22
2021-04-14, 1.88, 1.96, 0.28
2021-04-13, 1.86, 1.93, 0.25
2021-04-12, 1.86, 1.93, 0.25
2021-04-09, 1.85, 1.92, 0.24
2021-04-08, 1.83, 1.90, 0.21
2021-04-07, 1.86, 1.94, 0.24
2021-04-06, 1.84, 1.91, 0.21
2021-04-05, 1.91, 1.98, 0.26
2021-04-02, Bank holiday, Bank holiday, Bank holiday
2021-04-01, 1.88, 1.95, 0.22
2021-03-31, 1.90, 1.97, 0.22
2021-03-30, 1.88, 1.95, 0.20
2021-03-29, 1.92, 1.99, 0.24
2021-03-26, 1.88, 1.95, 0.19
2021-03-25, 1.84, 1.91, 0.16
2021-03-24, 1.84, 1.91, 0.15
2021-03-23, 1.88, 1.96, 0.20
2021-03-22, 1.94, 2.02, 0.25
2021-03-19, 1.97, 2.05, 0.29
2021-03-18, 2.00, 2.08, 0.32
2021-03-17, 1.99, 2.08, 0.32
2021-03-16, 1.94, 2.03, 0.27
2021-03-15, 1.91, 2.00, 0.26
2021-03-12, 1.94, 2.02, 0.29
2021-03-11, 1.80, 1.88, 0.15
2021-03-10, 1.76, 1.84, 0.13
2021-03-09, 1.77, 1.84, 0.15
2021-03-08, 1.84, 1.91, 0.23
2021-03-05, 1.80, 1.88, 0.20
2021-03-04, 1.82, 1.90, 0.24
2021-03-03, 1.74, 1.82, 0.15
2021-03-02, 1.70, 1.78, 0.13
2021-03-01, 1.69, 1.77, 0.11
2021-02-26, 1.69, 1.76, 0.11
2021-02-25, 1.83, 1.91, 0.23
2021-02-24, 1.77, 1.88, 0.20
2021-02-23, 1.75, 1.86, 0.21
2021-02-22, 1.71, 1.82, 0.17
2021-02-19, 1.68, 1.80, 0.12
2021-02-18, 1.61, 1.73, 0.04
2021-02-17, 1.58, 1.69, -0.01
2021-02-16, 1.60, 1.71, 0.01
2021-02-15, Bank holiday, Bank holiday, Bank holiday
2021-02-12, 1.51, 1.63, -0.05
2021-02-11, 1.47, 1.59, -0.08
2021-02-10, 1.46, 1.58, -0.08
2021-02-09, 1.46, 1.58, -0.04
2021-02-08, 1.47, 1.59, -0.03
2021-02-05, 1.47, 1.59, -0.04
2021-02-04, 1.43, 1.54, -0.07
2021-02-03, 1.40, 1.52, -0.10
2021-02-02, 1.37, 1.48, -0.11
2021-02-01, 1.35, 1.46, -0.11
2021-01-29, 1.35, 1.47, -0.11
2021-01-28, 1.35, 1.48, -0.11
2021-01-27, 1.32, 1.45, -0.12
2021-01-26, 1.33, 1.46, -0.12
2021-01-25, 1.32, 1.44, -0.15
2021-01-22, 1.34, 1.47, -0.14
2021-01-21, 1.36, 1.50, -0.11
2021-01-20, 1.33, 1.47, -0.13
2021-01-19, 1.31, 1.44, -0.17
2021-01-18, 1.30, 1.44, -0.17
2021-01-15, 1.30, 1.44, -0.17
2021-01-14, 1.35, 1.49, -0.12
2021-01-13, 1.31, 1.44, -0.16
2021-01-12, 1.34, 1.47, -0.12
2021-01-11, 1.32, 1.45, -0.13
2021-01-08, 1.30, 1.42, -0.17
2021-01-07, 1.27, 1.40, -0.20
2021-01-06, 1.23, 1.36, -0.22
2021-01-05, 1.16, 1.28, -0.27
2021-01-04, 1.11, 1.22, -0.31
2021-01-01, Bank holiday, Bank holiday, Bank holiday
2020-12-31, 1.10, 1.21, -0.31
2020-12-30, 1.13, 1.24, -0.27
2020-12-29, 1.14, 1.25, -0.26
2020-12-28, Bank holiday, Bank holiday, Bank holiday
2020-12-25, Bank holiday, Bank holiday, Bank holiday
2020-12-24, 1.15, 1.26, -0.25
2020-12-23, 1.17, 1.28, -0.23
2020-12-22, 1.14, 1.25, -0.24
2020-12-21, 1.17, 1.28, -0.22
2020-12-18, 1.17, 1.29, -0.22
2020-12-17, 1.18, 1.30, -0.20
2020-12-16, 1.18, 1.30, -0.20
2020-12-15, 1.18, 1.29, -0.19
2020-12-14, 1.16, 1.28, -0.20
2020-12-11, 1.15, 1.27, -0.22
2020-12-10, 1.16, 1.28, -0.23
2020-12-09, 1.18, 1.30, -0.21
2020-12-08, 1.18, 1.29, -0.21
2020-12-07, 1.19, 1.31, -0.19
2020-12-04, 1.22, 1.34, -0.16
2020-12-03, 1.15, 1.26, -0.24
2020-12-02, 1.17, 1.28, -0.22
2020-12-01, 1.08, 1.23, -0.29
2020-11-30, 1.02, 1.17, -0.34
2020-11-27, 1.02, 1.18, -0.33
2020-11-26, 1.05, 1.21, -0.31
2020-11-25, 1.06, 1.22, -0.30
2020-11-24, 1.07, 1.22, -0.30
2020-11-23, 1.04, 1.19, -0.31
2020-11-20, 1.01, 1.17, -0.34
2020-11-19, 1.05, 1.22, -0.30
2020-11-18, 1.08, 1.25, -0.28
2020-11-17, 1.08, 1.25, -0.28
2020-11-16, 1.12, 1.29, -0.26
2020-11-13, 1.12, 1.28, -0.27
2020-11-12, 1.11, 1.27, -0.27
2020-11-11, Bank holiday, Bank holiday, Bank holiday
2020-11-10, 1.17, 1.33, -0.23
2020-11-09, 1.16, 1.32, -0.20
2020-11-06, 1.06, 1.22, -0.23
2020-11-05, 1.03, 1.20, -0.24
2020-11-04, 1.03, 1.19, -0.23
2020-11-03, 1.10, 1.27, -0.19
2020-11-02, 1.06, 1.23, -0.22
2020-10-30, 1.08, 1.25, -0.19
2020-10-29, 1.05, 1.22, -0.25
2020-10-28, 1.01, 1.17, -0.28
2020-10-27, 1.02, 1.19, -0.28
2020-10-26, 1.04, 1.21, -0.26
2020-10-23, 1.07, 1.24, -0.24
2020-10-22, 1.08, 1.25, -0.21
2020-10-21, 1.04, 1.21, -0.22
2020-10-20, 1.06, 1.22, -0.18
2020-10-19, 1.02, 1.17, -0.22
2020-10-16, 1.00, 1.16, -0.23
2020-10-15, 1.00, 1.15, -0.24
2020-10-14, 1.02, 1.18, -0.23
2020-10-13, 1.03, 1.19, -0.22
2020-10-12, Bank holiday, Bank holiday, Bank holiday
2020-10-09, 1.07, 1.23, -0.18
2020-10-08, 1.05, 1.20, -0.20
2020-10-07, 1.05, 1.20, -0.20
2020-10-06, 0.99, 1.14, -0.24
2020-10-05, 1.03, 1.17, -0.21
2020-10-02, 0.97, 1.11, -0.24
2020-10-01, 0.95, 1.10, -0.23
2020-09-30, 0.99, 1.11, -0.21
2020-09-29, 0.96, 1.08, -0.22
2020-09-28, 0.98, 1.10, -0.20
2020-09-25, 0.95, 1.07, -0.20
2020-09-24, 0.96, 1.08, -0.19
2020-09-23, 0.97, 1.08, -0.19
2020-09-22, 0.97, 1.08, -0.19
2020-09-21, 0.97, 1.08, -0.20
2020-09-18, 0.99, 1.10, -0.20
2020-09-17, 0.97, 1.09, -0.21
2020-09-16, 0.99, 1.11, -0.19
2020-09-15, 0.97, 1.08, -0.22
2020-09-14, 0.95, 1.06, -0.23
2020-09-11, 0.95, 1.06, -0.23
2020-09-10, 0.97, 1.08, -0.23
2020-09-09, 0.99, 1.10, -0.20
2020-09-08, 0.97, 1.08, -0.21
2020-09-07, Bank holiday, Bank holiday, Bank holiday
2020-09-04, 0.99, 1.10, -0.20
2020-09-03, 0.94, 1.04, -0.23
2020-09-02, 0.95, 1.06, -0.25
2020-09-01, 0.99, 1.10, -0.23
2020-08-31, 1.05, 1.17, -0.18
2020-08-28, 1.08, 1.20, -0.13
2020-08-27, 1.08, 1.19, -0.13
2020-08-26, 1.01, 1.12, -0.19
2020-08-25, 0.99, 1.10, -0.19
2020-08-24, 0.96, 1.07, -0.20
2020-08-21, 0.96, 1.07, -0.17
2020-08-20, 0.97, 1.08, -0.17
2020-08-19, 0.99, 1.09, -0.19
2020-08-18, 0.97, 1.07, -0.22
2020-08-17, 0.99, 1.09, -0.18
2020-08-14, 1.02, 1.13, -0.15
2020-08-13, 1.04, 1.14, -0.14
2020-08-12, 0.99, 1.09, -0.17
2020-08-11, 0.95, 1.06, -0.17
2020-08-10, 0.87, 0.98, -0.23
2020-08-07, 0.84, 0.95, -0.25
2020-08-06, 0.82, 0.92, -0.27
2020-08-05, 0.84, 0.94, -0.23
2020-08-04, 0.79, 0.89, -0.28
2020-08-03, Bank holiday, Bank holiday, Bank holiday
2020-07-31, 0.83, 0.92, -0.23
2020-07-30, 0.82, 0.92, -0.23
2020-07-29, 0.86, 0.95, -0.21
2020-07-28, 0.84, 0.94, -0.21
2020-07-27, 0.89, 0.99, -0.17
2020-07-24, 0.87, 0.97, -0.17
2020-07-23, 0.89, 0.99, -0.15
2020-07-22, 0.89, 1.00, -0.15
2020-07-21, 0.88, 0.98, -0.14
2020-07-20, 0.88, 0.98, -0.13
2020-07-17, 0.90, 1.00, -0.10
2020-07-16, 0.90, 0.99, -0.08
2020-07-15, 0.94, 1.04, -0.05
2020-07-14, 0.94, 1.05, -0.04
2020-07-13, 0.96, 1.06, -0.02
2020-07-10, 0.97, 1.07, -0.01
2020-07-09, 0.98, 1.08, -0.01
2020-07-08, 1.00, 1.09, 0.01
2020-07-07, 0.91, 0.99, -0.09
2020-07-06, 0.94, 1.01, -0.08
2020-07-03, 0.93, 1.01, -0.08
2020-07-02, 0.94, 1.01, -0.08
2020-07-01, Bank holiday, Bank holiday, Bank holiday
2020-06-30, 0.91, 0.99, -0.09
2020-06-29, 0.91, 0.98, -0.09
2020-06-26, 0.91, 0.99, -0.10
2020-06-25, 0.93, 1.01, -0.09
2020-06-24, 0.95, 1.02, -0.07
2020-06-23, 0.93, 1.01, -0.09
2020-06-22, 0.92, 0.99, -0.05
2020-06-19, 0.93, 1.00, -0.03
2020-06-18, 0.92, 1.00, -0.02
2020-06-17, 0.95, 1.03, 0.00
2020-06-16, 0.98, 1.06, 0.02
2020-06-15, 0.93, 1.01, -0.01
2020-06-12, 0.97, 1.06, 0.02
2020-06-11, 0.97, 1.06, 0.01
2020-06-10, 1.03, 1.12, 0.05
2020-06-09, 1.11, 1.20, 0.12
2020-06-08, 1.16, 1.26, 0.16
2020-06-05, 1.21, 1.31, 0.21
2020-06-04, 1.16, 1.26, 0.18
2020-06-03, 1.10, 1.21, 0.15
2020-06-02, 1.03, 1.13, 0.11
2020-06-01, 0.93, 1.12, 0.09
2020-05-29, 0.92, 1.11, 0.18
2020-05-28, 0.95, 1.14, 0.19
2020-05-27, 0.92, 1.10, 0.16
2020-05-26, 0.91, 1.08, 0.07
2020-05-25, 0.86, 1.04, 0.03
2020-05-22, 0.88, 1.06, 0.06
2020-05-21, 0.92, 1.10, 0.09
2020-05-20, 0.93, 1.11, 0.09
2020-05-19, 0.97, 1.15, 0.16
2020-05-18, Bank holiday, Bank holiday, Bank holiday
2020-05-15, 0.90, 1.08, 0.20
2020-05-14, 0.90, 1.07, 0.21
2020-05-13, 0.93, 1.12, 0.22
2020-05-12, 0.95, 1.15, 0.24
2020-05-11, 0.99, 1.19, 0.28
2020-05-08, 0.97, 1.16, 0.26
2020-05-07, 0.96, 1.13, 0.23
2020-05-06, 1.00, 1.16, 0.25
2020-05-05, 0.95, 1.11, 0.21
2020-05-04, 0.96, 1.12, 0.22
2020-05-01, 0.92, 1.07, 0.18
2020-04-30, 0.96, 1.12, 0.22
2020-04-29, 0.99, 1.15, 0.23
2020-04-28, 1.00, 1.16, 0.25
2020-04-27, 1.05, 1.21, 0.27
2020-04-24, 1.01, 1.18, 0.27
2020-04-23, 1.03, 1.20, 0.33
2020-04-22, 1.05, 1.23, 0.38
2020-04-21, 1.04, 1.22, 0.36
2020-04-20, 1.09, 1.28, 0.41
2020-04-17, 1.11, 1.29, 0.39
2020-04-16, 1.07, 1.26, 0.35
2020-04-15, 1.12, 1.32, 0.34
2020-04-14, 1.22, 1.40, 0.38
2020-04-13, 1.16, 1.33, 0.32
2020-04-10, Bank holiday, Bank holiday, Bank holiday
2020-04-09, 1.17, 1.33, 0.35
2020-04-08, 1.19, 1.35, 0.38
2020-04-07, 1.19, 1.34, 0.39
2020-04-06, 1.12, 1.27, 0.35
2020-04-03, 1.09, 1.23, 0.35
2020-04-02, 1.10, 1.23, 0.41
2020-04-01, 1.08, 1.21, 0.37
2020-03-31, 1.18, 1.32, 0.43
2020-03-30, 1.19, 1.32, 0.39
2020-03-27, 1.15, 1.28, 0.31
2020-03-26, 1.23, 1.34, 0.39
2020-03-25, 1.25, 1.36, 0.57
2020-03-24, 1.21, 1.31, 0.56
2020-03-23, 1.15, 1.26, 0.62
2020-03-20, 1.18, 1.28, 0.71
2020-03-19, 1.33, 1.43, 0.72
2020-03-18, 1.37, 1.47, 0.84
2020-03-17, 1.28, 1.41, 0.57
2020-03-16, 1.14, 1.26, 0.52
2020-03-13, 1.19, 1.33, 0.39
2020-03-12, 1.00, 1.09, 0.31
2020-03-11, 0.93, 1.02, 0.13
2020-03-10, 0.83, 0.95, -0.06
2020-03-09, 0.67, 0.71, -0.33
2020-03-06, 0.52, 0.96, -0.04
2020-03-05, 1.04, 1.17, -0.03
2020-03-04, 1.20, 1.27, 0.05
2020-03-03, 1.16, 1.23, 0.03
2020-03-02, 1.29, 1.34, 0.15
2020-02-28, 1.26, 1.30, 0.08
2020-02-27, 1.28, 1.32, 0.06
2020-02-26, 1.32, 1.35, 0.08
2020-02-25, 1.29, 1.32, 0.04
2020-02-24, 1.29, 1.31, 0.02
2020-02-21, 1.36, 1.38, 0.06
2020-02-20, 1.40, 1.42, 0.09
2020-02-19, 1.44, 1.46, 0.13
2020-02-18, 1.42, 1.45, 0.12
2020-02-17, Bank holiday, Bank holiday, Bank holiday
2020-02-14, 1.46, 1.49, 0.15
2020-02-13, 1.48, 1.51, 0.17
2020-02-12, 1.48, 1.51, 0.17
2020-02-11, 1.44, 1.46, 0.14
2020-02-10, 1.39, 1.42, 0.10
2020-02-07, 1.41, 1.44, 0.11
2020-02-06, 1.46, 1.48, 0.15
2020-02-05, 1.48, 1.51, 0.19
2020-02-04, 1.43, 1.46, 0.16
2020-02-03, 1.38, 1.41, 0.12
2020-01-31, 1.39, 1.42, 0.14
2020-01-30, 1.43, 1.46, 0.17
2020-01-29, 1.42, 1.45, 0.15
2020-01-28, 1.47, 1.49, 0.15
2020-01-27, 1.41, 1.44, 0.10
2020-01-24, 1.47, 1.49, 0.12
2020-01-23, 1.52, 1.55, 0.17
2020-01-22, 1.55, 1.58, 0.19
2020-01-21, 1.60, 1.62, 0.23
2020-01-20, 1.66, 1.68, 0.28
2020-01-17, 1.66, 1.68, 0.28
2020-01-16, 1.66, 1.68, 0.28
2020-01-15, 1.64, 1.65, 0.26
2020-01-14, 1.68, 1.69, 0.30
2020-01-13, 1.69, 1.71, 0.31
2020-01-10, 1.68, 1.70, 0.32
2020-01-09, 1.70, 1.72, 0.35
2020-01-08, 1.72, 1.74, 0.37
2020-01-07, 1.68, 1.69, 0.34
2020-01-06, 1.67, 1.68, 0.33
2020-01-03, 1.61, 1.62, 0.27
2020-01-02, 1.70, 1.70, 0.35
2020-01-01, Bank holiday, Bank holiday, Bank holiday
2019-12-31, 1.76, 1.76, 0.41
2019-12-30, 1.71, 1.71, 0.37
2019-12-27, 1.66, 1.66, 0.32
2019-12-26, Bank holiday, Bank holiday, Bank holiday
2019-12-25, Bank holiday, Bank holiday, Bank holiday
2019-12-24, 1.67, 1.67, 0.32
2019-12-23, 1.67, 1.67, 0.33
2019-12-20, 1.67, 1.66, 0.33
2019-12-19, 1.71, 1.71, 0.38
2019-12-18, 1.75, 1.75, 0.42
2019-12-17, 1.72, 1.72, 0.40
2019-12-16, 1.72, 1.73, 0.42
2019-12-13, 1.67, 1.68, 0.37
2019-12-12, 1.75, 1.75, 0.44
2019-12-11, 1.67, 1.68, 0.39
2019-12-10, 1.69, 1.70, 0.41
2019-12-09, 1.70, 1.71, 0.41
2019-12-06, 1.67, 1.68, 0.38
2019-12-05, 1.68, 1.68, 0.38
2019-12-04, 1.62, 1.62, 0.33
2019-12-03, 1.54, 1.55, 0.28
2019-12-02, 1.61, 1.61, 0.33
2019-11-29, 1.55, 1.55, 0.29
2019-11-28, 1.56, 1.57, 0.31
2019-11-27, 1.57, 1.58, 0.31
2019-11-26, 1.54, 1.54, 0.28
2019-11-25, 1.57, 1.58, 0.30
2019-11-22, 1.57, 1.58, 0.30
2019-11-21, 1.58, 1.58, 0.31
2019-11-20, 1.53, 1.54, 0.27
2019-11-19, 1.56, 1.58, 0.30
2019-11-18, 1.61, 1.62, 0.34
2019-11-15, 1.61, 1.62, 0.34
2019-11-14, 1.61, 1.62, 0.34
2019-11-13, 1.68, 1.69, 0.40
2019-11-12, 1.72, 1.74, 0.43
2019-11-11, Bank holiday, Bank holiday, Bank holiday
2019-11-08, 1.72, 1.73, 0.43
2019-11-07, 1.73, 1.74, 0.43
2019-11-06, 1.67, 1.68, 0.41
2019-11-05, 1.73, 1.74, 0.47
2019-11-04, 1.67, 1.69, 0.43
2019-11-01, 1.59, 1.60, 0.37
2019-10-31, 1.56, 1.58, 0.37
2019-10-30, 1.60, 1.60, 0.38
2019-10-29, 1.72, 1.74, 0.51
2019-10-28, 1.74, 1.75, 0.51
2019-10-25, 1.65, 1.66, 0.44
2019-10-24, 1.62, 1.63, 0.42
2019-10-23, 1.61, 1.62, 0.40
2019-10-22, 1.62, 1.63, 0.41
2019-10-21, 1.66, 1.66, 0.44
2019-10-18, 1.64, 1.65, 0.42
2019-10-17, 1.67, 1.67, 0.45
2019-10-16, 1.66, 1.67, 0.44
2019-10-15, 1.66, 1.67, 0.42
2019-10-14, Bank holiday, Bank holiday, Bank holiday
2019-10-11, 1.63, 1.64, 0.39
2019-10-10, 1.56, 1.58, 0.37
2019-10-09, 1.48, 1.51, 0.30
2019-10-08, 1.44, 1.47, 0.25
2019-10-07, 1.45, 1.47, 0.25
2019-10-04, 1.39, 1.42, 0.21
2019-10-03, 1.42, 1.44, 0.23
2019-10-02, 1.47, 1.49, 0.26
2019-10-01, 1.50, 1.51, 0.27
2019-09-30, 1.51, 1.53, 0.28
2019-09-27, 1.52, 1.54, 0.28
2019-09-26, 1.52, 1.54, 0.29
2019-09-25, 1.54, 1.57, 0.30
2019-09-24, 1.46, 1.48, 0.22
2019-09-23, 1.50, 1.52, 0.26
2019-09-20, 1.52, 1.54, 0.27
2019-09-19, 1.56, 1.58, 0.31
2019-09-18, 1.58, 1.59, 0.33
2019-09-17, 1.61, 1.63, 0.35
2019-09-16, 1.65, 1.67, 0.38
2019-09-13, 1.69, 1.71, 0.43
2019-09-12, 1.64, 1.67, 0.42
2019-09-11, 1.61, 1.63, 0.39
2019-09-10, 1.60, 1.62, 0.40
2019-09-09, 1.53, 1.55, 0.33
2019-09-06, 1.48, 1.50, 0.29
2019-09-05, 1.49, 1.53, 0.32
2019-09-04, 1.37, 1.40, 0.20
2019-09-03, 1.36, 1.40, 0.18
2019-09-02, Bank holiday, Bank holiday, Bank holiday
2019-08-30, 1.39, 1.42, 0.20
2019-08-29, 1.37, 1.40, 0.18
2019-08-28, 1.34, 1.37, 0.15
2019-08-27, 1.35, 1.39, 0.16
2019-08-26, 1.43, 1.46, 0.24
2019-08-23, 1.40, 1.43, 0.21
2019-08-22, 1.48, 1.51, 0.29
2019-08-21, 1.42, 1.45, 0.23
2019-08-20, 1.37, 1.40, 0.18
2019-08-19, 1.38, 1.41, 0.19
2019-08-16, 1.32, 1.34, 0.12
2019-08-15, 1.27, 1.30, 0.07
2019-08-14, 1.33, 1.33, 0.11
2019-08-13, 1.43, 1.46, 0.18
2019-08-12, 1.42, 1.45, 0.17
2019-08-09, 1.49, 1.52, 0.23
2019-08-08, 1.46, 1.49, 0.19
2019-08-07, 1.44, 1.47, 0.20
2019-08-06, 1.43, 1.43, 0.20
2019-08-05, Bank holiday, Bank holiday, Bank holiday
2019-08-02, 1.58, 1.61, 0.28
2019-08-01, 1.60, 1.63, 0.29
2019-07-31, 1.67, 1.70, 0.32
2019-07-30, 1.71, 1.74, 0.36
2019-07-29, 1.70, 1.74, 0.36
2019-07-26, 1.69, 1.73, 0.35
2019-07-25, 1.68, 1.72, 0.34
2019-07-24, 1.66, 1.70, 0.34
2019-07-23, 1.70, 1.73, 0.36
2019-07-22, 1.69, 1.72, 0.36
2019-07-19, 1.70, 1.73, 0.37
2019-07-18, 1.71, 1.73, 0.38
2019-07-17, 1.71, 1.74, 0.38
2019-07-16, 1.77, 1.79, 0.42
2019-07-15, 1.76, 1.78, 0.43
2019-07-12, 1.77, 1.79, 0.43
2019-07-11, 1.78, 1.79, 0.44
2019-07-10, 1.73, 1.75, 0.42
2019-07-09, 1.71, 1.73, 0.40
2019-07-08, 1.72, 1.73, 0.41
2019-07-05, 1.72, 1.74, 0.41
2019-07-04, 1.64, 1.66, 0.35
2019-07-03, 1.63, 1.65, 0.34
2019-07-02, 1.66, 1.68, 0.35
2019-07-01, Bank holiday, Bank holiday, Bank holiday
2019-06-28, 1.66, 1.68, 0.34
2019-06-27, 1.68, 1.71, 0.34
2019-06-26, 1.70, 1.73, 0.36
2019-06-25, 1.66, 1.69, 0.33
2019-06-24, 1.68, 1.71, 0.34
2019-06-21, 1.70, 1.72, 0.35
2019-06-20, 1.67, 1.69, 0.31
2019-06-19, 1.65, 1.68, 0.32
2019-06-18, 1.64, 1.67, 0.33
2019-06-17, 1.66, 1.69, 0.35
2019-06-14, 1.67, 1.70, 0.35
2019-06-13, 1.69, 1.72, 0.35
2019-06-12, 1.72, 1.75, 0.38
2019-06-11, 1.75, 1.77, 0.40
2019-06-10, 1.73, 1.76, 0.39
2019-06-07, 1.69, 1.72, 0.35
2019-06-06, 1.71, 1.74, 0.37
2019-06-05, 1.70, 1.74, 0.36
2019-06-04, 1.71, 1.74, 0.37
2019-06-03, 1.67, 1.71, 0.35
2019-05-31, 1.68, 1.77, 0.40
2019-05-30, 1.74, 1.81, 0.44
2019-05-29, 1.75, 1.82, 0.44
2019-05-28, 1.75, 1.82, 0.46
2019-05-27, 1.77, 1.85, 0.48
2019-05-24, 1.80, 1.87, 0.50
2019-05-23, 1.82, 1.88, 0.53
2019-05-22, 1.89, 1.96, 0.58
2019-05-21, 1.91, 1.97, 0.56
2019-05-20, Bank holiday, Bank holiday, Bank holiday
2019-05-17, 1.85, 1.92, 0.49
2019-05-16, 1.85, 1.91, 0.49
2019-05-15, 1.83, 1.90, 0.47
2019-05-14, 1.86, 1.92, 0.47
2019-05-13, 1.83, 1.90, 0.45
2019-05-10, 1.89, 1.96, 0.51
2019-05-09, 1.86, 1.93, 0.49
2019-05-08, 1.88, 1.95, 0.51
2019-05-07, 1.87, 1.94, 0.50
2019-05-06, 1.91, 1.98, 0.52
2019-05-03, 1.94, 2.01, 0.54
2019-05-02, 1.94, 2.01, 0.55
2019-05-01, 1.89, 1.96, 0.49
2019-04-30, 1.91, 1.99, 0.50
2019-04-29, 1.92, 2.00, 0.52
2019-04-26, 1.89, 1.98, 0.49
2019-04-25, 1.91, 1.99, 0.50
2019-04-24, 1.90, 1.99, 0.51
2019-04-23, 1.96, 2.06, 0.57
2019-04-22, 1.99, 2.08, 0.59
2019-04-19, Bank holiday, Bank holiday, Bank holiday
2019-04-18, 1.97, 2.05, 0.58
2019-04-17, 2.01, 2.09, 0.61
2019-04-16, 2.00, 2.08, 0.61
2019-04-15, 1.97, 2.05, 0.58
2019-04-12, 1.99, 2.06, 0.60
2019-04-11, 1.93, 2.01, 0.56
2019-04-10, 1.90, 1.98, 0.53
2019-04-09, 1.93, 2.01, 0.55
2019-04-08, 1.93, 2.00, 0.55
2019-04-05, 1.90, 1.97, 0.52
2019-04-04, 1.90, 1.97, 0.52
2019-04-03, 1.91, 1.99, 0.53
2019-04-02, 1.88, 1.95, 0.51
2019-04-01, 1.90, 1.97, 0.52
2019-03-29, 1.83, 1.90, 0.46
2019-03-28, 1.77, 1.85, 0.41
2019-03-27, 1.76, 1.84, 0.40
2019-03-26, 1.78, 1.86, 0.39
2019-03-25, 1.77, 1.85, 0.39
2019-03-22, 1.81, 1.89, 0.41
2019-03-21, 1.89, 1.97, 0.47
2019-03-20, 1.90, 1.99, 0.49
2019-03-19, 1.93, 2.01, 0.52
2019-03-18, 1.93, 2.01, 0.53
2019-03-15, 1.94, 2.02, 0.54
2019-03-14, 1.97, 2.05, 0.57
2019-03-13, 1.96, 2.04, 0.57
2019-03-12, 1.94, 2.02, 0.56
2019-03-11, 1.97, 2.05, 0.59
2019-03-08, 1.98, 2.06, 0.60
2019-03-07, 1.98, 2.07, 0.60
2019-03-06, 2.03, 2.11, 0.64
2019-03-05, 2.08, 2.16, 0.68
2019-03-04, 2.09, 2.17, 0.69
2019-03-01, 2.13, 2.20, 0.72
2019-02-28, 2.12, 2.19, 0.71
2019-02-27, 2.10, 2.16, 0.69
2019-02-26, 2.05, 2.12, 0.66
2019-02-25, 2.08, 2.14, 0.67
2019-02-22, 2.08, 2.14, 0.68
2019-02-21, 2.10, 2.17, 0.71
2019-02-20, 2.08, 2.14, 0.69
2019-02-19, 2.08, 2.14, 0.69
2019-02-18, Bank holiday, Bank holiday, Bank holiday
2019-02-15, 2.09, 2.15, 0.70
2019-02-14, 2.08, 2.14, 0.69
2019-02-13, 2.12, 2.18, 0.72
2019-02-12, 2.10, 2.17, 0.73
2019-02-11, 2.09, 2.15, 0.73
2019-02-08, 2.08, 2.14, 0.71
2019-02-07, 2.07, 2.14, 0.71
2019-02-06, 2.11, 2.17, 0.71
2019-02-05, 2.12, 2.18, 0.72
2019-02-04, 2.14, 2.20, 0.73
2019-02-01, 2.13, 2.18, 0.71
2019-01-31, 2.07, 2.14, 0.69
2019-01-30, 2.11, 2.17, 0.72
2019-01-29, 2.11, 2.17, 0.74
2019-01-28, 2.13, 2.18, 0.74
2019-01-25, 2.14, 2.19, 0.76
2019-01-24, 2.11, 2.16, 0.73
2019-01-23, 2.15, 2.19, 0.76
2019-01-22, 2.14, 2.19, 0.76
2019-01-21, 2.19, 2.23, 0.78
2019-01-18, 2.21, 2.25, 0.80
2019-01-17, 2.17, 2.22, 0.79
2019-01-16, 2.17, 2.22, 0.79
2019-01-15, 2.15, 2.20, 0.77
2019-01-14, 2.13, 2.17, 0.74
2019-01-11, 2.12, 2.16, 0.73
2019-01-10, 2.14, 2.18, 0.74
2019-01-09, 2.14, 2.18, 0.74
2019-01-08, 2.12, 2.17, 0.74
2019-01-07, 2.11, 2.15, 0.73
2019-01-04, 2.08, 2.13, 0.70
2019-01-03, 2.01, 2.07, 0.68
2019-01-02, 2.08, 2.13, 0.73
2019-01-01, Bank holiday, Bank holiday, Bank holiday
2018-12-31, 2.13, 2.18, 0.78
2018-12-28, 2.11, 2.15, 0.75
2018-12-27, 2.13, 2.16, 0.75
2018-12-26, Bank holiday, Bank holiday, Bank holiday
2018-12-25, Bank holiday, Bank holiday, Bank holiday
2018-12-24, 2.12, 2.15, 0.75
2018-12-21, 2.15, 2.18, 0.76
2018-12-20, 2.12, 2.14, 0.75
2018-12-19, 2.10, 2.13, 0.71
2018-12-18, 2.15, 2.18, 0.76
2018-12-17, 2.19, 2.22, 0.79
2018-12-14, 2.24, 2.28, 0.81
2018-12-13, 2.29, 2.32, 0.85
2018-12-12, 2.24, 2.27, 0.80
2018-12-11, 2.19, 2.22, 0.75
2018-12-10, 2.18, 2.21, 0.72
2018-12-07, 2.20, 2.23, 0.72
2018-12-06, 2.20, 2.23, 0.73
2018-12-05, 2.22, 2.24, 0.71
2018-12-04, 2.25, 2.27, 0.73
2018-12-03, 2.33, 2.35, 0.79
2018-11-30, 2.37, 2.39, 0.84
2018-11-29, 2.39, 2.41, 0.84
2018-11-28, 2.39, 2.41, 0.84
2018-11-27, 2.38, 2.39, 0.76
2018-11-26, 2.40, 2.41, 0.74
2018-11-23, 2.39, 2.39, 0.73
2018-11-22, 2.41, 2.42, 0.75
2018-11-21, 2.41, 2.41, 0.75
2018-11-20, 2.40, 2.41, 0.74
2018-11-19, 2.41, 2.42, 0.73
2018-11-16, 2.41, 2.42, 0.72
2018-11-15, 2.43, 2.43, 0.74
2018-11-14, 2.46, 2.46, 0.76
2018-11-13, 2.49, 2.49, 0.79
2018-11-12, Bank holiday, Bank holiday, Bank holiday
2018-11-09, 2.53, 2.53, 0.81
2018-11-08, 2.56, 2.56, 0.84
2018-11-07, 2.55, 2.55, 0.83
2018-11-06, 2.56, 2.56, 0.84
2018-11-05, 2.55, 2.55, 0.84
2018-11-02, 2.57, 2.57, 0.86
2018-11-01, 2.52, 2.52, 0.82
2018-10-31, 2.52, 2.52, 0.81
2018-10-30, 2.48, 2.48, 0.79
2018-10-29, 2.43, 2.43, 0.73
2018-10-26, 2.43, 2.43, 0.73
2018-10-25, 2.48, 2.48, 0.79
2018-10-24, 2.47, 2.47, 0.77
2018-10-23, 2.49, 2.49, 0.79
2018-10-22, 2.52, 2.52, 0.79
2018-10-19, 2.53, 2.52, 0.81
2018-10-18, 2.52, 2.52, 0.78
2018-10-17, 2.53, 2.53, 0.79
2018-10-16, 2.52, 2.52, 0.78
2018-10-15, 2.53, 2.52, 0.78
2018-10-12, 2.51, 2.50, 0.77
2018-10-11, 2.51, 2.50, 0.77
2018-10-10, 2.57, 2.55, 0.80
2018-10-09, 2.57, 2.56, 0.79
2018-10-08, Bank holiday, Bank holiday, Bank holiday
2018-10-05, 2.60, 2.58, 0.82
2018-10-04, 2.56, 2.54, 0.78
2018-10-03, 2.53, 2.51, 0.76
2018-10-02, 2.47, 2.45, 0.71
2018-10-01, 2.50, 2.48, 0.74
2018-09-28, 2.43, 2.41, 0.67
2018-09-27, 2.43, 2.41, 0.65
2018-09-26, 2.43, 2.42, 0.66
2018-09-25, 2.48, 2.47, 0.70
2018-09-24, 2.46, 2.45, 0.69
2018-09-21, 2.45, 2.44, 0.68
2018-09-20, 2.44, 2.43, 0.68
2018-09-19, 2.43, 2.43, 0.68
2018-09-18, 2.40, 2.40, 0.66
2018-09-17, 2.36, 2.35, 0.64
2018-09-14, 2.36, 2.36, 0.64
2018-09-13, 2.35, 2.35, 0.63
2018-09-12, 2.35, 2.35, 0.63
2018-09-11, 2.35, 2.34, 0.64
2018-09-10, 2.31, 2.30, 0.61
2018-09-07, 2.31, 2.30, 0.61
2018-09-06, 2.26, 2.25, 0.56
2018-09-05, 2.27, 2.26, 0.56
2018-09-04, 2.26, 2.25, 0.55
2018-09-03, Bank holiday, Bank holiday, Bank holiday
2018-08-31, 2.25, 2.25, 0.54
2018-08-30, 2.30, 2.30, 0.58
2018-08-29, 2.33, 2.32, 0.60
2018-08-28, 2.33, 2.31, 0.59
2018-08-27, 2.31, 2.29, 0.58
2018-08-24, 2.27, 2.26, 0.55
2018-08-23, 2.27, 2.26, 0.54
2018-08-22, 2.27, 2.26, 0.54
2018-08-21, 2.28, 2.27, 0.55
2018-08-20, 2.27, 2.26, 0.53
2018-08-17, 2.29, 2.27, 0.55
2018-08-16, 2.28, 2.27, 0.56
2018-08-15, 2.29, 2.28, 0.57
2018-08-14, 2.35, 2.34, 0.63
2018-08-13, 2.33, 2.32, 0.61
2018-08-10, 2.32, 2.31, 0.60
2018-08-09, 2.36, 2.35, 0.63
2018-08-08, 2.38, 2.37, 0.65
2018-08-07, 2.40, 2.38, 0.66
2018-08-06, Bank holiday, Bank holiday, Bank holiday
2018-08-03, 2.38, 2.36, 0.62
2018-08-02, 2.39, 2.38, 0.64
2018-08-01, 2.39, 2.37, 0.64
2018-07-31, 2.35, 2.33, 0.61
2018-07-30, 2.34, 2.34, 0.63
2018-07-27, 2.34, 2.33, 0.63
2018-07-26, 2.33, 2.32, 0.62
2018-07-25, 2.31, 2.30, 0.61
2018-07-24, 2.27, 2.27, 0.57
2018-07-23, 2.28, 2.27, 0.58
2018-07-20, 2.23, 2.22, 0.54
2018-07-19, 2.17, 2.17, 0.49
2018-07-18, 2.20, 2.20, 0.51
2018-07-17, 2.17, 2.17, 0.47
2018-07-16, 2.19, 2.19, 0.48
2018-07-13, 2.19, 2.19, 0.48
2018-07-12, 2.20, 2.20, 0.49
2018-07-11, 2.19, 2.19, 0.47
2018-07-10, 2.20, 2.21, 0.48
2018-07-09, 2.21, 2.21, 0.48
2018-07-06, 2.16, 2.16, 0.44
2018-07-05, 2.19, 2.18, 0.46
2018-07-04, 2.20, 2.20, 0.47
2018-07-03, 2.19, 2.19, 0.46
2018-07-02, Bank holiday, Bank holiday, Bank holiday
2018-06-29, 2.20, 2.20, 0.47
2018-06-28, 2.19, 2.20, 0.47
2018-06-27, 2.15, 2.16, 0.43
2018-06-26, 2.17, 2.18, 0.45
2018-06-25, 2.17, 2.18, 0.45
2018-06-22, 2.20, 2.20, 0.46
2018-06-21, 2.20, 2.20, 0.45
2018-06-20, 2.23, 2.22, 0.48
2018-06-19, 2.20, 2.20, 0.45
2018-06-18, 2.24, 2.24, 0.48
2018-06-15, 2.25, 2.25, 0.48
2018-06-14, 2.30, 2.29, 0.52
2018-06-13, 2.34, 2.33, 0.57
2018-06-12, 2.33, 2.33, 0.56
2018-06-11, 2.35, 2.36, 0.61
2018-06-08, 2.36, 2.36, 0.61
2018-06-07, 2.33, 2.33, 0.58
2018-06-06, 2.35, 2.35, 0.61
2018-06-05, 2.29, 2.30, 0.56
2018-06-04, 2.31, 2.31, 0.58
2018-06-01, 2.27, 2.27, 0.53
2018-05-31, 2.26, 2.25, 0.52
2018-05-30, 2.28, 2.28, 0.54
2018-05-29, 2.24, 2.25, 0.51
2018-05-28, 2.34, 2.34, 0.57
2018-05-25, 2.38, 2.38, 0.60
2018-05-24, 2.43, 2.42, 0.63
2018-05-23, 2.47, 2.45, 0.65
2018-05-22, 2.51, 2.49, 0.68
2018-05-21, Bank holiday, Bank holiday, Bank holiday
2018-05-18, 2.50, 2.49, 0.68
2018-05-17, 2.54, 2.53, 0.71
2018-05-16, 2.52, 2.51, 0.69
2018-05-15, 2.52, 2.51, 0.70
2018-05-14, 2.45, 2.45, 0.65
2018-05-11, 2.41, 2.41, 0.61
2018-05-10, 2.43, 2.43, 0.62
2018-05-09, 2.43, 2.44, 0.62
2018-05-08, 2.40, 2.42, 0.61
2018-05-07, 2.39, 2.41, 0.60
2018-05-04, 2.39, 2.40, 0.60
2018-05-03, 2.38, 2.40, 0.61
2018-05-02, 2.42, 2.44, 0.64
2018-05-01, 2.40, 2.42, 0.64
2018-04-30, 2.37, 2.40, 0.62
2018-04-27, 2.38, 2.41, 0.65
2018-04-26, 2.42, 2.44, 0.69
2018-04-25, 2.45, 2.47, 0.72
2018-04-24, 2.42, 2.44, 0.69
2018-04-23, 2.42, 2.44, 0.69
2018-04-20, 2.42, 2.44, 0.69
2018-04-19, 2.40, 2.42, 0.67
2018-04-18, 2.36, 2.38, 0.64
2018-04-17, 2.32, 2.34, 0.60
2018-04-16, 2.35, 2.37, 0.64
2018-04-13, 2.32, 2.34, 0.61
2018-04-12, 2.36, 2.38, 0.65
2018-04-11, 2.30, 2.32, 0.61
2018-04-10, 2.29, 2.31, 0.61
2018-04-09, 2.26, 2.29, 0.60
2018-04-06, 2.27, 2.31, 0.62
2018-04-05, 2.31, 2.34, 0.65
2018-04-04, 2.29, 2.33, 0.64
2018-04-03, 2.26, 2.29, 0.60
2018-04-02, 2.22, 2.25, 0.56
2018-03-30, Bank holiday, Bank holiday, Bank holiday
2018-03-29, 2.20, 2.23, 0.53
2018-03-28, 2.22, 2.25, 0.55
2018-03-27, 2.25, 2.28, 0.57
2018-03-26, 2.33, 2.35, 0.62
2018-03-23, 2.29, 2.31, 0.58
2018-03-22, 2.27, 2.29, 0.57
2018-03-21, 2.35, 2.37, 0.64
2018-03-20, 2.31, 2.33, 0.61
2018-03-19, 2.28, 2.30, 0.58
2018-03-16, 2.26, 2.29, 0.57
2018-03-15, 2.26, 2.29, 0.57
2018-03-14, 2.29, 2.32, 0.59
2018-03-13, 2.35, 2.38, 0.64
2018-03-12, 2.38, 2.42, 0.68
2018-03-09, 2.41, 2.44, 0.69
2018-03-08, 2.37, 2.40, 0.66
2018-03-07, 2.37, 2.41, 0.66
2018-03-06, 2.36, 2.39, 0.63
2018-03-05, 2.33, 2.37, 0.61
2018-03-02, 2.33, 2.36, 0.60
2018-03-01, 2.30, 2.33, 0.58
2018-02-28, 2.35, 2.37, 0.59
2018-02-27, 2.40, 2.43, 0.65
2018-02-26, 2.38, 2.40, 0.62
2018-02-23, 2.38, 2.40, 0.61
2018-02-22, 2.43, 2.45, 0.69
2018-02-21, 2.46, 2.48, 0.71
2018-02-20, 2.45, 2.47, 0.70
2018-02-19, Bank holiday, Bank holiday, Bank holiday
2018-02-16, 2.44, 2.46, 0.69
2018-02-15, 2.48, 2.50, 0.73
2018-02-14, 2.49, 2.50, 0.74
2018-02-13, 2.45, 2.47, 0.73
2018-02-12, 2.46, 2.48, 0.73
2018-02-09, 2.48, 2.50, 0.75
2018-02-08, 2.47, 2.49, 0.74
2018-02-07, 2.46, 2.47, 0.72
2018-02-06, 2.44, 2.46, 0.70
2018-02-05, 2.41, 2.43, 0.67
2018-02-02, 2.43, 2.43, 0.66
2018-02-01, 2.42, 2.41, 0.64
2018-01-31, 2.35, 2.36, 0.60
2018-01-30, 2.36, 2.37, 0.60
2018-01-29, 2.33, 2.34, 0.57
2018-01-26, 2.32, 2.33, 0.57
2018-01-25, 2.32, 2.34, 0.58
2018-01-24, 2.35, 2.37, 0.60
2018-01-23, 2.33, 2.35, 0.59
2018-01-22, 2.34, 2.37, 0.60
2018-01-19, 2.34, 2.37, 0.60
2018-01-18, 2.32, 2.35, 0.59
2018-01-17, 2.31, 2.34, 0.59
2018-01-16, 2.31, 2.35, 0.60
2018-01-15, 2.33, 2.37, 0.62
2018-01-12, 2.33, 2.37, 0.62
2018-01-11, 2.33, 2.38, 0.63
2018-01-10, 2.33, 2.38, 0.63
2018-01-09, 2.36, 2.40, 0.64
2018-01-08, 2.32, 2.36, 0.60
2018-01-05, 2.31, 2.36, 0.59
2018-01-04, 2.27, 2.32, 0.58
2018-01-03, 2.24, 2.29, 0.58
2018-01-02, 2.27, 2.32, 0.62
2018-01-01, Bank holiday, Bank holiday, Bank holiday
2017-12-29, 2.22, 2.26, 0.57
2017-12-28, 2.19, 2.24, 0.55
2017-12-27, 2.15, 2.20, 0.52
2017-12-26, Bank holiday, Bank holiday, Bank holiday
2017-12-25, Bank holiday, Bank holiday, Bank holiday
2017-12-22, 2.20, 2.25, 0.56
2017-12-21, 2.20, 2.25, 0.56
2017-12-20, 2.19, 2.24, 0.57
2017-12-19, 2.14, 2.19, 0.53
2017-12-18, 2.08, 2.14, 0.48
2017-12-15, 2.05, 2.10, 0.45
2017-12-14, 2.09, 2.15, 0.50
2017-12-13, 2.09, 2.15, 0.50
2017-12-12, 2.10, 2.16, 0.50
2017-12-11, 2.10, 2.16, 0.51
2017-12-08, 2.10, 2.16, 0.52
2017-12-07, 2.10, 2.16, 0.52
2017-12-06, 2.09, 2.15, 0.51
2017-12-05, 2.13, 2.19, 0.52
2017-12-04, 2.16, 2.22, 0.54
2017-12-01, 2.14, 2.20, 0.54
2017-11-30, 2.16, 2.23, 0.60
2017-11-29, 2.16, 2.23, 0.60
2017-11-28, 2.13, 2.20, 0.59
2017-11-27, 2.15, 2.22, 0.61
2017-11-24, 2.16, 2.23, 0.62
2017-11-23, 2.16, 2.23, 0.62
2017-11-22, 2.18, 2.25, 0.63
2017-11-21, 2.19, 2.26, 0.64
2017-11-20, 2.23, 2.30, 0.67
2017-11-17, 2.20, 2.28, 0.64
2017-11-16, 2.22, 2.29, 0.66
2017-11-15, 2.17, 2.24, 0.61
2017-11-14, 2.21, 2.28, 0.64
2017-11-13, Bank holiday, Bank holiday, Bank holiday
2017-11-10, 2.23, 2.30, 0.67
2017-11-09, 2.20, 2.27, 0.63
2017-11-08, 2.17, 2.24, 0.61
2017-11-07, 2.15, 2.22, 0.59
2017-11-06, 2.18, 2.25, 0.61
2017-11-03, 2.20, 2.27, 0.64
2017-11-02, 2.22, 2.28, 0.64
2017-11-01, 2.23, 2.30, 0.65
2017-10-31, 2.23, 2.30, 0.67
2017-10-30, 2.24, 2.31, 0.70
2017-10-27, 2.27, 2.34, 0.72
2017-10-26, 2.32, 2.38, 0.75
2017-10-25, 2.32, 2.38, 0.76
2017-10-24, 2.33, 2.39, 0.78
2017-10-23, 2.31, 2.37, 0.75
2017-10-20, 2.31, 2.37, 0.76
2017-10-19, 2.29, 2.35, 0.73
2017-10-18, 2.31, 2.37, 0.73
2017-10-17, 2.30, 2.36, 0.72
2017-10-16, 2.31, 2.38, 0.74
2017-10-13, 2.33, 2.39, 0.74
2017-10-12, 2.37, 2.44, 0.77
2017-10-11, 2.39, 2.46, 0.80
2017-10-10, 2.41, 2.48, 0.83
2017-10-09, Bank holiday, Bank holiday, Bank holiday
2017-10-06, 2.43, 2.49, 0.85
2017-10-05, 2.41, 2.48, 0.84
2017-10-04, 2.42, 2.49, 0.85
2017-10-03, 2.43, 2.50, 0.86
2017-10-02, 2.43, 2.50, 0.86
2017-09-29, 2.40, 2.47, 0.82
2017-09-28, 2.43, 2.50, 0.84
2017-09-27, 2.42, 2.49, 0.83
2017-09-26, 2.39, 2.45, 0.80
2017-09-25, 2.37, 2.43, 0.80
2017-09-22, 2.39, 2.45, 0.82
2017-09-21, 2.40, 2.46, 0.82
2017-09-20, 2.39, 2.45, 0.80
2017-09-19, 2.38, 2.44, 0.79
2017-09-18, 2.37, 2.44, 0.79
2017-09-15, 2.37, 2.43, 0.79
2017-09-14, 2.36, 2.42, 0.77
2017-09-13, 2.36, 2.42, 0.77
2017-09-12, 2.34, 2.40, 0.77
2017-09-11, 2.31, 2.38, 0.76
2017-09-08, 2.28, 2.35, 0.74
2017-09-07, 2.26, 2.33, 0.73
2017-09-06, 2.26, 2.34, 0.73
2017-09-05, 2.20, 2.27, 0.68
2017-09-04, Bank holiday, Bank holiday, Bank holiday
2017-09-01, 2.23, 2.30, 0.71
2017-08-31, 2.19, 2.26, 0.67
2017-08-30, 2.19, 2.27, 0.70
2017-08-29, 2.19, 2.27, 0.70
2017-08-28, 2.22, 2.30, 0.73
2017-08-25, 2.22, 2.30, 0.72
2017-08-24, 2.23, 2.31, 0.73
2017-08-23, 2.22, 2.30, 0.71
2017-08-22, 2.24, 2.32, 0.73
2017-08-21, 2.22, 2.29, 0.71
2017-08-18, 2.21, 2.29, 0.70
2017-08-17, 2.21, 2.29, 0.68
2017-08-16, 2.23, 2.31, 0.68
2017-08-15, 2.26, 2.34, 0.69
2017-08-14, 2.24, 2.32, 0.67
2017-08-11, 2.21, 2.29, 0.65
2017-08-10, 2.21, 2.29, 0.64
2017-08-09, 2.26, 2.34, 0.69
2017-08-08, 2.29, 2.37, 0.71
2017-08-07, Bank holiday, Bank holiday, Bank holiday
2017-08-04, 2.27, 2.35, 0.71
2017-08-03, 2.25, 2.32, 0.67
2017-08-02, 2.29, 2.36, 0.71
2017-08-01, 2.31, 2.38, 0.73
2017-07-31, 2.40, 2.47, 0.81
2017-07-28, 2.38, 2.45, 0.79
2017-07-27, 2.34, 2.42, 0.79
2017-07-26, 2.29, 2.35, 0.74
2017-07-25, 2.31, 2.36, 0.76
2017-07-24, 2.22, 2.27, 0.68
2017-07-21, 2.20, 2.25, 0.67
2017-07-20, 2.20, 2.25, 0.67
2017-07-19, 2.20, 2.25, 0.68
2017-07-18, 2.18, 2.23, 0.66
2017-07-17, 2.20, 2.25, 0.68
2017-07-14, 2.19, 2.24, 0.67
2017-07-13, 2.21, 2.25, 0.69
2017-07-12, 2.18, 2.23, 0.67
2017-07-11, 2.19, 2.25, 0.69
2017-07-10, 2.20, 2.26, 0.70
2017-07-07, 2.20, 2.26, 0.70
2017-07-06, 2.15, 2.21, 0.64
2017-07-05, 2.11, 2.16, 0.60
2017-07-04, 2.13, 2.19, 0.64
2017-07-03, Bank holiday, Bank holiday, Bank holiday
2017-06-30, 2.07, 2.13, 0.58
2017-06-29, 2.05, 2.11, 0.61
2017-06-28, 1.99, 2.06, 0.58
2017-06-27, 1.96, 2.03, 0.59
2017-06-26, 1.88, 1.96, 0.54
2017-06-23, 1.90, 1.97, 0.54
2017-06-22, 1.91, 1.99, 0.55
2017-06-21, 1.92, 2.00, 0.55
2017-06-20, 1.93, 2.01, 0.56
2017-06-19, 1.96, 2.04, 0.58
2017-06-16, 1.96, 2.04, 0.58
2017-06-15, 1.97, 2.05, 0.59
2017-06-14, 1.96, 2.04, 0.55
2017-06-13, 2.02, 2.11, 0.60
2017-06-12, 1.98, 2.07, 0.53
2017-06-09, 1.94, 2.04, 0.48
2017-06-08, 1.94, 2.03, 0.48
2017-06-07, 1.92, 2.02, 0.46
2017-06-06, 1.91, 2.00, 0.44
2017-06-05, 1.93, 2.02, 0.46
2017-06-02, 1.91, 2.01, 0.44
2017-06-01, 1.87, 2.05, 0.48
2017-05-31, 1.87, 2.05, 0.49
2017-05-30, 1.88, 2.06, 0.47
2017-05-29, 1.86, 2.04, 0.45
2017-05-26, 1.89, 2.07, 0.48
2017-05-25, 1.91, 2.09, 0.50
2017-05-24, 1.94, 2.11, 0.53
2017-05-23, 1.95, 2.13, 0.55
2017-05-22, Bank holiday, Bank holiday, Bank holiday
2017-05-19, 1.92, 2.10, 0.53
2017-05-18, 1.90, 2.08, 0.51
2017-05-17, 1.92, 2.10, 0.54
2017-05-16, 2.04, 2.23, 0.64
2017-05-15, 2.05, 2.24, 0.66
2017-05-12, 2.04, 2.23, 0.64
2017-05-11, 2.06, 2.24, 0.64
2017-05-10, 2.08, 2.26, 0.68
2017-05-09, 2.05, 2.23, 0.65
2017-05-08, 2.01, 2.19, 0.61
2017-05-05, 1.98, 2.15, 0.57
2017-05-04, 1.97, 2.14, 0.56
2017-05-03, 1.97, 2.14, 0.54
2017-05-02, 1.96, 2.13, 0.53
2017-05-01, 2.01, 2.18, 0.58
2017-04-28, 1.99, 2.16, 0.55
2017-04-27, 2.02, 2.18, 0.58
2017-04-26, 2.01, 2.16, 0.57
2017-04-25, 2.04, 2.19, 0.59
2017-04-24, 2.01, 2.15, 0.55
2017-04-21, 1.99, 2.13, 0.54
2017-04-20, 2.01, 2.15, 0.55
2017-04-19, 1.99, 2.13, 0.54
2017-04-18, 1.97, 2.11, 0.51
2017-04-17, 2.04, 2.18, 0.56
2017-04-14, Bank holiday, Bank holiday, Bank holiday
2017-04-13, 2.02, 2.16, 0.55
2017-04-12, 2.05, 2.20, 0.58
2017-04-11, 2.08, 2.22, 0.61
2017-04-10, 2.12, 2.26, 0.64
2017-04-07, 2.12, 2.26, 0.64
2017-04-06, 2.09, 2.23, 0.61
2017-04-05, 2.10, 2.24, 0.63
2017-04-04, 2.12, 2.26, 0.65
2017-04-03, 2.12, 2.26, 0.64
2017-03-31, 2.17, 2.31, 0.68
2017-03-30, 2.18, 2.32, 0.69
2017-03-29, 2.14, 2.28, 0.66
2017-03-28, 2.17, 2.31, 0.68
2017-03-27, 2.14, 2.28, 0.64
2017-03-24, 2.16, 2.30, 0.65
2017-03-23, 2.20, 2.34, 0.68
2017-03-22, 2.21, 2.34, 0.69
2017-03-21, 2.24, 2.37, 0.71
2017-03-20, 2.26, 2.39, 0.71
2017-03-17, 2.28, 2.41, 0.72
2017-03-16, 2.32, 2.45, 0.75
2017-03-15, 2.29, 2.42, 0.73
2017-03-14, 2.36, 2.49, 0.80
2017-03-13, 2.39, 2.52, 0.81
2017-03-10, 2.35, 2.48, 0.78
2017-03-09, 2.35, 2.49, 0.80
2017-03-08, 2.32, 2.46, 0.75
2017-03-07, 2.29, 2.42, 0.70
2017-03-06, 2.28, 2.41, 0.68
2017-03-03, 2.28, 2.41, 0.68
2017-03-02, 2.28, 2.40, 0.67
2017-03-01, 2.27, 2.39, 0.66
2017-02-28, 2.21, 2.34, 0.62
2017-02-27, 2.23, 2.36, 0.63
2017-02-24, 2.19, 2.33, 0.59
2017-02-23, 2.26, 2.40, 0.67
2017-02-22, 2.29, 2.42, 0.70
2017-02-21, 2.29, 2.42, 0.69
2017-02-20, Bank holiday, Bank holiday, Bank holiday
2017-02-17, 2.28, 2.41, 0.68
2017-02-16, 2.31, 2.43, 0.69
2017-02-15, 2.34, 2.46, 0.72
2017-02-14, 2.32, 2.44, 0.71
2017-02-13, 2.28, 2.41, 0.68
2017-02-10, 2.25, 2.37, 0.64
2017-02-09, 2.23, 2.35, 0.64
2017-02-08, 2.17, 2.29, 0.57
2017-02-07, 2.24, 2.36, 0.64
2017-02-06, 2.26, 2.38, 0.65
2017-02-03, 2.31, 2.43, 0.68
2017-02-02, 2.29, 2.41, 0.65
2017-02-01, 2.30, 2.41, 0.65
2017-01-31, 2.29, 2.41, 0.64
2017-01-30, 2.32, 2.43, 0.67
2017-01-27, 2.31, 2.43, 0.66
2017-01-26, 2.34, 2.45, 0.69
2017-01-25, 2.34, 2.45, 0.70
2017-01-24, 2.28, 2.39, 0.64
2017-01-23, 2.21, 2.32, 0.59
2017-01-20, 2.27, 2.38, 0.62
2017-01-19, 2.26, 2.37, 0.59
2017-01-18, 2.21, 2.32, 0.55
2017-01-17, 2.18, 2.28, 0.51
2017-01-16, 2.19, 2.29, 0.51
2017-01-13, 2.21, 2.31, 0.53
2017-01-12, 2.16, 2.26, 0.49
2017-01-11, 2.18, 2.28, 0.50
2017-01-10, 2.19, 2.28, 0.50
2017-01-09, 2.19, 2.29, 0.50
2017-01-06, 2.22, 2.31, 0.51
2017-01-05, 2.17, 2.26, 0.47
2017-01-04, 2.20, 2.30, 0.49
2017-01-03, 2.24, 2.33, 0.53
2017-01-02, Bank holiday, Bank holiday, Bank holiday
2016-12-30, 2.21, 2.31, 0.51
2016-12-29, 2.23, 2.32, 0.56
2016-12-28, 2.24, 2.34, 0.58
2016-12-27, Bank holiday, Bank holiday, Bank holiday
2016-12-26, Bank holiday, Bank holiday, Bank holiday
2016-12-23, 2.29, 2.39, 0.63
2016-12-22, 2.31, 2.41, 0.65
2016-12-21, 2.30, 2.40, 0.65
2016-12-20, 2.31, 2.40, 0.66
2016-12-19, 2.29, 2.39, 0.65
2016-12-16, 2.33, 2.42, 0.69
2016-12-15, 2.32, 2.41, 0.68
2016-12-14, 2.28, 2.38, 0.64
2016-12-13, 2.27, 2.37, 0.63
2016-12-12, 2.27, 2.39, 0.63
2016-12-09, 2.23, 2.34, 0.59
2016-12-08, 2.16, 2.27, 0.51
2016-12-07, 2.10, 2.21, 0.43
2016-12-06, 2.13, 2.23, 0.46
2016-12-05, 2.12, 2.22, 0.42
2016-12-02, 2.13, 2.23, 0.43
2016-12-01, 2.15, 2.25, 0.43
2016-11-30, 2.06, 2.16, 0.35
2016-11-29, 2.00, 2.10, 0.30
2016-11-28, 2.01, 2.11, 0.32
2016-11-25, 2.05, 2.15, 0.34
2016-11-24, 2.07, 2.18, 0.37
2016-11-23, 2.05, 2.18, 0.35
2016-11-22, 2.05, 2.18, 0.37
2016-11-21, 2.07, 2.21, 0.39
2016-11-18, 2.08, 2.21, 0.39
2016-11-17, 2.04, 2.17, 0.39
2016-11-16, 2.00, 2.12, 0.35
2016-11-15, 2.04, 2.17, 0.40
2016-11-14, 2.05, 2.19, 0.41
2016-11-11, Bank holiday, Bank holiday, Bank holiday
2016-11-10, 1.94, 2.07, 0.29
2016-11-09, 1.89, 2.03, 0.27
2016-11-08, 1.78, 1.92, 0.27
2016-11-07, 1.73, 1.87, 0.25
2016-11-04, 1.68, 1.81, 0.20
2016-11-03, 1.71, 1.85, 0.24
2016-11-02, 1.69, 1.83, 0.22
2016-11-01, 1.72, 1.85, 0.23
2016-10-31, 1.71, 1.85, 0.23
2016-10-28, 1.75, 1.89, 0.28
2016-10-27, 1.75, 1.88, 0.28
2016-10-26, 1.68, 1.82, 0.25
2016-10-25, 1.69, 1.81, 0.24
2016-10-24, 1.70, 1.81, 0.25
2016-10-21, 1.68, 1.79, 0.23
2016-10-20, 1.72, 1.83, 0.26
2016-10-19, 1.72, 1.85, 0.25
2016-10-18, 1.72, 1.84, 0.25
2016-10-17, 1.73, 1.84, 0.28
2016-10-14, 1.76, 1.87, 0.31
2016-10-13, 1.69, 1.80, 0.25
2016-10-12, 1.73, 1.84, 0.29
2016-10-11, 1.72, 1.84, 0.30
2016-10-10, Bank holiday, Bank holiday, Bank holiday
2016-10-07, 1.70, 1.82, 0.30
2016-10-06, 1.68, 1.80, 0.29
2016-10-05, 1.65, 1.77, 0.28
2016-10-04, 1.61, 1.73, 0.24
2016-10-03, 1.55, 1.67, 0.18
2016-09-30, 1.55, 1.66, 0.19
2016-09-29, 1.50, 1.62, 0.15
2016-09-28, 1.52, 1.64, 0.18
2016-09-27, 1.51, 1.64, 0.17
2016-09-26, 1.53, 1.66, 0.18
2016-09-23, 1.58, 1.70, 0.21
2016-09-22, 1.62, 1.73, 0.24
2016-09-21, 1.67, 1.78, 0.29
2016-09-20, 1.68, 1.79, 0.30
2016-09-19, 1.71, 1.82, 0.33
2016-09-16, 1.72, 1.83, 0.34
2016-09-15, 1.73, 1.84, 0.35
2016-09-14, 1.72, 1.83, 0.36
2016-09-13, 1.75, 1.86, 0.40
2016-09-12, 1.68, 1.79, 0.36
2016-09-09, 1.67, 1.77, 0.35
2016-09-08, 1.60, 1.70, 0.27
2016-09-07, 1.51, 1.61, 0.19
2016-09-06, 1.53, 1.63, 0.21
2016-09-05, Bank holiday, Bank holiday, Bank holiday
2016-09-02, 1.56, 1.66, 0.23
2016-09-01, 1.52, 1.62, 0.21
2016-08-31, 1.53, 1.63, 0.22
2016-08-30, 1.53, 1.63, 0.22
2016-08-29, 1.53, 1.63, 0.23
2016-08-26, 1.59, 1.68, 0.28
2016-08-25, 1.57, 1.67, 0.26
2016-08-24, 1.54, 1.64, 0.23
2016-08-23, 1.54, 1.64, 0.23
2016-08-22, 1.54, 1.64, 0.24
2016-08-19, 1.59, 1.69, 0.30
2016-08-18, 1.56, 1.66, 0.27
2016-08-17, 1.57, 1.67, 0.29
2016-08-16, 1.57, 1.66, 0.28
2016-08-15, 1.55, 1.64, 0.26
2016-08-12, 1.52, 1.62, 0.24
2016-08-11, 1.55, 1.64, 0.26
2016-08-10, 1.51, 1.60, 0.23
2016-08-09, 1.52, 1.62, 0.25
2016-08-08, 1.58, 1.68, 0.29
2016-08-05, 1.58, 1.68, 0.30
2016-08-04, 1.55, 1.64, 0.26
2016-08-03, 1.58, 1.67, 0.30
2016-08-02, 1.57, 1.67, 0.29
2016-08-01, Bank holiday, Bank holiday, Bank holiday
2016-07-29, 1.54, 1.64, 0.27
2016-07-28, 1.58, 1.68, 0.33
2016-07-27, 1.60, 1.69, 0.33
2016-07-26, 1.64, 1.73, 0.37
2016-07-25, 1.64, 1.73, 0.36
2016-07-22, 1.64, 1.73, 0.35
2016-07-21, 1.66, 1.75, 0.37
2016-07-20, 1.66, 1.75, 0.36
2016-07-19, 1.63, 1.71, 0.33
2016-07-18, 1.65, 1.73, 0.34
2016-07-15, 1.66, 1.75, 0.36
2016-07-14, 1.59, 1.67, 0.29
2016-07-13, 1.53, 1.62, 0.23
2016-07-12, 1.57, 1.65, 0.27
2016-07-11, 1.48, 1.56, 0.19
2016-07-08, 1.47, 1.55, 0.18
2016-07-07, 1.48, 1.55, 0.19
2016-07-06, 1.49, 1.56, 0.20
2016-07-05, 1.52, 1.60, 0.21
2016-07-04, 1.59, 1.67, 0.26
2016-07-01, Bank holiday, Bank holiday, Bank holiday
2016-06-30, 1.63, 1.72, 0.30
2016-06-29, 1.67, 1.76, 0.36
2016-06-28, 1.64, 1.72, 0.35
2016-06-27, 1.64, 1.72, 0.35
2016-06-24, 1.73, 1.81, 0.41
2016-06-23, 1.84, 1.92, 0.49
2016-06-22, 1.79, 1.87, 0.47
2016-06-21, 1.80, 1.88, 0.49
2016-06-20, 1.75, 1.84, 0.45
2016-06-17, 1.68, 1.77, 0.38
2016-06-16, 1.67, 1.76, 0.36
2016-06-15, 1.67, 1.76, 0.34
2016-06-14, 1.69, 1.78, 0.34
2016-06-13, 1.69, 1.79, 0.33
2016-06-10, 1.70, 1.79, 0.32
2016-06-09, 1.75, 1.84, 0.35
2016-06-08, 1.77, 1.86, 0.36
2016-06-07, 1.78, 1.88, 0.37
2016-06-06, 1.79, 1.88, 0.38
2016-06-03, 1.75, 1.84, 0.34
2016-06-02, 1.81, 1.90, 0.38
2016-06-01, 1.80, 1.95, 0.41
2016-05-31, 1.81, 1.96, 0.41
2016-05-30, 1.84, 1.98, 0.44
2016-05-27, 1.84, 1.99, 0.44
2016-05-26, 1.83, 1.98, 0.44
2016-05-25, 1.87, 2.01, 0.47
2016-05-24, 1.86, 2.00, 0.48
2016-05-23, Bank holiday, Bank holiday, Bank holiday
2016-05-20, 1.84, 1.99, 0.46
2016-05-19, 1.83, 1.97, 0.44
2016-05-18, 1.86, 2.01, 0.45
2016-05-17, 1.81, 1.97, 0.41
2016-05-16, 1.83, 1.98, 0.42
2016-05-13, 1.79, 1.95, 0.39
2016-05-12, 1.83, 1.98, 0.42
2016-05-11, 1.81, 1.96, 0.40
2016-05-10, 1.81, 1.96, 0.40
2016-05-09, 1.81, 1.96, 0.40
2016-05-06, 1.84, 1.98, 0.41
2016-05-05, 1.84, 1.99, 0.41
2016-05-04, 1.88, 2.03, 0.45
2016-05-03, 1.93, 2.07, 0.48
2016-05-02, 1.98, 2.12, 0.51
2016-04-29, 1.95, 2.07, 0.46
2016-04-28, 1.92, 2.05, 0.44
2016-04-27, 1.94, 2.06, 0.46
2016-04-26, 1.98, 2.10, 0.48
2016-04-25, 1.98, 2.10, 0.48
2016-04-22, 1.96, 2.07, 0.45
2016-04-21, 1.93, 2.05, 0.44
2016-04-20, 1.91, 2.03, 0.44
2016-04-19, 1.89, 2.01, 0.43
2016-04-18, 1.87, 1.99, 0.43
2016-04-15, 1.84, 1.97, 0.40
2016-04-14, 1.87, 2.00, 0.42
2016-04-13, 1.84, 1.97, 0.40
2016-04-12, 1.86, 1.99, 0.42
2016-04-11, 1.83, 1.96, 0.39
2016-04-08, 1.82, 1.95, 0.38
2016-04-07, 1.78, 1.92, 0.38
2016-04-06, 1.82, 1.96, 0.43
2016-04-05, 1.79, 1.93, 0.43
2016-04-04, 1.85, 1.99, 0.48
2016-04-01, 1.87, 2.01, 0.50
2016-03-31, 1.86, 2.00, 0.49
2016-03-30, 1.86, 2.00, 0.49
2016-03-29, 1.82, 1.97, 0.47
2016-03-28, 1.89, 2.04, 0.54
2016-03-25, Bank holiday, Bank holiday, Bank holiday
2016-03-24, 1.90, 2.05, 0.55
2016-03-23, 1.89, 2.03, 0.52
2016-03-22, 1.94, 2.09, 0.57
2016-03-21, 1.95, 2.10, 0.56
2016-03-18, 1.93, 2.08, 0.55
2016-03-17, 1.93, 2.08, 0.56
2016-03-16, 1.94, 2.08, 0.59
2016-03-15, 1.94, 2.08, 0.63
2016-03-14, 1.97, 2.10, 0.65
2016-03-11, 1.97, 2.11, 0.65
2016-03-10, 1.92, 2.07, 0.62
2016-03-09, 1.90, 2.05, 0.60
2016-03-08, 1.84, 1.99, 0.55
2016-03-07, 1.93, 2.08, 0.63
2016-03-04, 1.91, 2.07, 0.62
2016-03-03, 1.88, 2.03, 0.59
2016-03-02, 1.90, 2.05, 0.59
2016-03-01, 1.88, 2.03, 0.65
2016-02-29, 1.82, 1.97, 0.61
2016-02-26, 1.81, 1.96, 0.58
2016-02-25, 1.77, 1.92, 0.57
2016-02-24, 1.78, 1.93, 0.60
2016-02-23, 1.78, 1.93, 0.59
2016-02-22, 1.77, 1.93, 0.58
2016-02-19, 1.77, 1.92, 0.60
2016-02-18, 1.76, 1.92, 0.62
2016-02-17, 1.81, 1.96, 0.65
2016-02-16, 1.81, 1.96, 0.64
2016-02-15, Bank holiday, Bank holiday, Bank holiday
2016-02-12, 1.77, 1.93, 0.61
2016-02-11, 1.67, 1.83, 0.54
2016-02-10, 1.66, 1.82, 0.51
2016-02-09, 1.71, 1.87, 0.55
2016-02-08, 1.71, 1.87, 0.52
2016-02-05, 1.79, 1.95, 0.57
2016-02-04, 1.82, 1.97, 0.59
2016-02-03, 1.81, 1.97, 0.60
2016-02-02, 1.78, 1.95, 0.58
2016-02-01, 1.89, 2.05, 0.67
2016-01-29, 1.87, 2.03, 0.65
2016-01-28, 1.89, 2.05, 0.66
2016-01-27, 1.90, 2.05, 0.68
2016-01-26, 1.92, 2.08, 0.73
2016-01-25, 1.92, 2.06, 0.74
2016-01-22, 1.95, 2.09, 0.76
2016-01-21, 1.88, 2.01, 0.71
2016-01-20, 1.80, 1.94, 0.67
2016-01-19, 1.85, 1.99, 0.68
2016-01-18, 1.84, 1.99, 0.67
2016-01-15, 1.83, 1.98, 0.64
2016-01-14, 1.91, 2.05, 0.68
2016-01-13, 1.88, 2.02, 0.64
2016-01-12, 1.91, 2.05, 0.67
2016-01-11, 1.96, 2.09, 0.69
2016-01-08, 1.93, 2.06, 0.65
2016-01-07, 1.95, 2.07, 0.63
2016-01-06, 1.96, 2.08, 0.61
2016-01-05, 2.01, 2.13, 0.64
2016-01-04, 2.01, 2.13, 0.64
2016-01-01, Bank holiday, Bank holiday, Bank holiday
2015-12-31, 2.03, 2.15, 0.65
2015-12-30, 2.04, 2.16, 0.67
2015-12-29, 2.04, 2.17, 0.68
2015-12-28, Bank holiday, Bank holiday, Bank holiday
2015-12-25, Bank holiday, Bank holiday, Bank holiday
2015-12-24, 2.01, 2.14, 0.65
2015-12-23, 2.04, 2.16, 0.68
2015-12-22, 2.02, 2.13, 0.66
2015-12-21, 1.99, 2.11, 0.64
2015-12-18, 2.00, 2.11, 0.64
2015-12-17, 2.04, 2.16, 0.68
2015-12-16, 2.10, 2.22, 0.74
2015-12-15, 2.10, 2.22, 0.74
2015-12-14, 2.08, 2.21, 0.74
2015-12-11, 2.03, 2.16, 0.69
2015-12-10, 2.10, 2.23, 0.73
2015-12-09, 2.11, 2.23, 0.72
2015-12-08, 2.11, 2.24, 0.70
2015-12-07, 2.11, 2.23, 0.66
2015-12-04, 2.17, 2.29, 0.71
2015-12-03, 2.21, 2.33, 0.73
2015-12-02, 2.11, 2.23, 0.69
2015-12-01, 2.10, 2.23, 0.68
2015-11-30, 2.17, 2.29, 0.74
2015-11-27, 2.17, 2.29, 0.75
2015-11-26, 2.16, 2.28, 0.74
2015-11-25, 2.17, 2.29, 0.75
2015-11-24, 2.20, 2.32, 0.77
2015-11-23, 2.21, 2.33, 0.78
2015-11-20, 2.21, 2.32, 0.78
2015-11-19, 2.20, 2.32, 0.78
2015-11-18, 2.24, 2.35, 0.82
2015-11-17, 2.24, 2.35, 0.82
2015-11-16, 2.23, 2.34, 0.82
2015-11-13, 2.23, 2.34, 0.82
2015-11-12, 2.28, 2.39, 0.87
2015-11-11, Bank holiday, Bank holiday, Bank holiday
2015-11-10, 2.29, 2.40, 0.88
2015-11-09, 2.31, 2.42, 0.90
2015-11-06, 2.30, 2.41, 0.90
2015-11-05, 2.26, 2.38, 0.89
2015-11-04, 2.24, 2.36, 0.88
2015-11-03, 2.23, 2.35, 0.87
2015-11-02, 2.20, 2.33, 0.85
2015-10-30, 2.18, 2.30, 0.82
2015-10-29, 2.19, 2.32, 0.83
2015-10-28, 2.13, 2.26, 0.80
2015-10-27, 2.09, 2.23, 0.77
2015-10-26, 2.12, 2.24, 0.77
2015-10-23, 2.18, 2.30, 0.83
2015-10-22, 2.13, 2.26, 0.80
2015-10-21, 2.14, 2.27, 0.81
2015-10-20, 2.21, 2.33, 0.87
2015-10-19, 2.13, 2.26, 0.80
2015-10-16, 2.13, 2.26, 0.79
2015-10-15, 2.11, 2.24, 0.79
2015-10-14, 2.08, 2.21, 0.77
2015-10-13, 2.12, 2.25, 0.78
2015-10-12, Bank holiday, Bank holiday, Bank holiday
2015-10-09, 2.19, 2.31, 0.82
2015-10-08, 2.17, 2.30, 0.81
2015-10-07, 2.12, 2.25, 0.76
2015-10-06, 2.10, 2.22, 0.73
2015-10-05, 2.10, 2.22, 0.73
2015-10-02, 2.06, 2.18, 0.70
2015-10-01, 2.08, 2.20, 0.71
2015-09-30, 2.09, 2.21, 0.69
2015-09-29, 2.06, 2.18, 0.64
2015-09-28, 2.07, 2.19, 0.64
2015-09-25, 2.15, 2.27, 0.70
2015-09-24, 2.09, 2.22, 0.61
2015-09-23, 2.11, 2.24, 0.62
2015-09-22, 2.11, 2.23, 0.62
2015-09-21, 2.17, 2.29, 0.67
2015-09-18, 2.10, 2.22, 0.60
2015-09-17, 2.17, 2.29, 0.67
2015-09-16, 2.21, 2.33, 0.71
2015-09-15, 2.19, 2.31, 0.73
2015-09-14, 2.09, 2.21, 0.64
2015-09-11, 2.11, 2.23, 0.67
2015-09-10, 2.14, 2.26, 0.70
2015-09-09, 2.13, 2.26, 0.69
2015-09-08, 2.12, 2.24, 0.69
2015-09-07, Bank holiday, Bank holiday, Bank holiday
2015-09-04, 2.08, 2.20, 0.66
2015-09-03, 2.10, 2.22, 0.68
2015-09-02, 2.09, 2.21, 0.67
2015-09-01, 2.06, 2.18, 0.69
2015-08-31, 2.11, 2.23, 0.73
2015-08-28, 2.07, 2.19, 0.71
2015-08-27, 2.08, 2.20, 0.75
2015-08-26, 2.08, 2.20, 0.78
2015-08-25, 1.96, 2.09, 0.59
2015-08-24, 1.88, 2.01, 0.55
2015-08-21, 1.89, 2.01, 0.52
2015-08-20, 1.90, 2.02, 0.48
2015-08-19, 1.92, 2.05, 0.50
2015-08-18, 1.98, 2.10, 0.52
2015-08-17, 1.96, 2.08, 0.50
2015-08-14, 1.97, 2.08, 0.50
2015-08-13, 1.98, 2.09, 0.52
2015-08-12, 1.97, 2.09, 0.50
2015-08-11, 1.97, 2.09, 0.50
2015-08-10, 2.03, 2.14, 0.52
2015-08-07, 1.98, 2.09, 0.48
2015-08-06, 2.01, 2.12, 0.50
2015-08-05, 2.03, 2.14, 0.48
2015-08-04, 2.00, 2.11, 0.44
2015-08-03, Bank holiday, Bank holiday, Bank holiday
2015-07-31, 2.01, 2.12, 0.44
2015-07-30, 2.05, 2.16, 0.45
2015-07-29, 2.09, 2.20, 0.48
2015-07-28, 2.06, 2.17, 0.46
2015-07-27, 2.01, 2.12, 0.42
2015-07-24, 2.04, 2.15, 0.43
2015-07-23, 2.06, 2.17, 0.45
2015-07-22, 2.11, 2.22, 0.49
2015-07-21, 2.14, 2.25, 0.52
2015-07-20, 2.14, 2.26, 0.53
2015-07-17, 2.12, 2.24, 0.51
2015-07-16, 2.14, 2.26, 0.53
2015-07-15, 2.17, 2.27, 0.54
2015-07-14, 2.22, 2.32, 0.62
2015-07-13, 2.24, 2.34, 0.63
2015-07-10, 2.23, 2.33, 0.63
2015-07-09, 2.14, 2.24, 0.54
2015-07-08, 2.07, 2.17, 0.47
2015-07-07, 2.12, 2.22, 0.50
2015-07-06, 2.18, 2.28, 0.54
2015-07-03, 2.24, 2.34, 0.58
2015-07-02, 2.27, 2.37, 0.61
2015-07-01, Bank holiday, Bank holiday, Bank holiday
2015-06-30, 2.21, 2.31, 0.55
2015-06-29, 2.26, 2.35, 0.59
2015-06-26, 2.37, 2.46, 0.68
2015-06-25, 2.32, 2.41, 0.64
2015-06-24, 2.29, 2.38, 0.61
2015-06-23, 2.33, 2.42, 0.64
2015-06-22, 2.31, 2.40, 0.63
2015-06-19, 2.24, 2.33, 0.56
2015-06-18, 2.30, 2.39, 0.62
2015-06-17, 2.27, 2.36, 0.60
2015-06-16, 2.25, 2.34, 0.61
2015-06-15, 2.28, 2.36, 0.65
2015-06-12, 2.31, 2.39, 0.68
2015-06-11, 2.33, 2.41, 0.70
2015-06-10, 2.40, 2.48, 0.75
2015-06-09, 2.36, 2.44, 0.72
2015-06-08, 2.30, 2.39, 0.68
2015-06-05, 2.31, 2.39, 0.68
2015-06-04, 2.24, 2.33, 0.63
2015-06-03, 2.29, 2.37, 0.65
2015-06-02, 2.21, 2.30, 0.59
2015-06-01, 2.06, 2.23, 0.52
2015-05-29, 2.04, 2.20, 0.50
2015-05-28, 2.07, 2.24, 0.54
2015-05-27, 2.08, 2.25, 0.53
2015-05-26, 2.12, 2.28, 0.56
2015-05-25, 2.20, 2.36, 0.62
2015-05-22, 2.18, 2.35, 0.61
2015-05-21, 2.17, 2.35, 0.57
2015-05-20, 2.23, 2.41, 0.62
2015-05-19, 2.25, 2.43, 0.63
2015-05-18, Bank holiday, Bank holiday, Bank holiday
2015-05-15, 2.15, 2.33, 0.53
2015-05-14, 2.23, 2.41, 0.61
2015-05-13, 2.25, 2.43, 0.62
2015-05-12, 2.22, 2.39, 0.59
2015-05-11, 2.23, 2.40, 0.60
2015-05-08, 2.12, 2.30, 0.49
2015-05-07, 2.16, 2.33, 0.52
2015-05-06, 2.23, 2.39, 0.59
2015-05-05, 2.15, 2.32, 0.51
2015-05-04, 2.13, 2.29, 0.49
2015-05-01, 2.07, 2.24, 0.43
2015-04-30, 2.01, 2.18, 0.37
2015-04-29, 2.01, 2.19, 0.38
2015-04-28, 1.98, 2.15, 0.35
2015-04-27, 1.88, 2.06, 0.25
2015-04-24, 1.87, 2.05, 0.24
2015-04-23, 1.90, 2.08, 0.27
2015-04-22, 1.92, 2.09, 0.28
2015-04-21, 1.87, 2.05, 0.24
2015-04-20, 1.87, 2.04, 0.21
2015-04-17, 1.85, 2.02, 0.20
2015-04-16, 1.84, 2.02, 0.23
2015-04-15, 1.81, 1.99, 0.20
2015-04-14, 1.79, 1.98, 0.20
2015-04-13, 1.84, 2.03, 0.23
2015-04-10, 1.85, 2.04, 0.24
2015-04-09, 1.84, 2.03, 0.24
2015-04-08, 1.80, 1.98, 0.19
2015-04-07, 1.81, 1.99, 0.19
2015-04-06, 1.82, 2.00, 0.21
2015-04-03, Bank holiday, Bank holiday, Bank holiday
2015-04-02, 1.78, 1.96, 0.14
2015-04-01, 1.77, 1.95, 0.15
2015-03-31, 1.81, 1.99, 0.19
2015-03-30, 1.82, 1.99, 0.16
2015-03-27, 1.82, 1.99, 0.16
2015-03-26, 1.87, 2.04, 0.21
2015-03-25, 1.79, 1.97, 0.15
2015-03-24, 1.76, 1.94, 0.11
2015-03-23, 1.76, 1.95, 0.13
2015-03-20, 1.76, 1.94, 0.12
2015-03-19, 1.77, 1.95, 0.14
2015-03-18, 1.79, 1.98, 0.16
2015-03-17, 1.87, 2.05, 0.25
2015-03-16, 1.90, 2.08, 0.27
2015-03-13, 1.93, 2.11, 0.30
2015-03-12, 1.94, 2.12, 0.30
2015-03-11, 1.95, 2.13, 0.31
2015-03-10, 1.99, 2.17, 0.32
2015-03-09, 2.03, 2.21, 0.32
2015-03-06, 2.05, 2.23, 0.30
2015-03-05, 1.96, 2.12, 0.23
2015-03-04, 1.93, 2.10, 0.17
2015-03-03, 1.86, 2.03, 0.13
2015-03-02, 1.81, 1.99, 0.12
2015-02-27, 1.74, 1.92, 0.05
2015-02-26, 1.79, 1.96, 0.14
2015-02-25, 1.76, 1.95, 0.13
2015-02-24, 1.77, 1.96, 0.15
2015-02-23, 1.82, 2.02, 0.22
2015-02-20, 1.88, 2.07, 0.28
2015-02-19, 1.89, 2.09, 0.30
2015-02-18, 1.91, 2.11, 0.32
2015-02-17, 1.94, 2.13, 0.35
2015-02-16, Bank holiday, Bank holiday, Bank holiday
2015-02-13, 1.88, 2.07, 0.29
2015-02-12, 1.84, 2.04, 0.23
2015-02-11, 1.87, 2.05, 0.24
2015-02-10, 1.86, 2.04, 0.24
2015-02-09, 1.84, 2.01, 0.19
2015-02-06, 1.84, 2.02, 0.19
2015-02-05, 1.76, 1.94, 0.14
2015-02-04, 1.69, 1.87, 0.08
2015-02-03, 1.71, 1.89, 0.11
2015-02-02, 1.65, 1.83, 0.09
2015-01-30, 1.67, 1.84, 0.11
2015-01-29, 1.76, 1.94, 0.24
2015-01-28, 1.75, 1.93, 0.23
2015-01-27, 1.81, 1.98, 0.28
2015-01-26, 1.87, 2.03, 0.33
2015-01-23, 1.86, 2.02, 0.32
2015-01-22, 1.91, 2.06, 0.37
2015-01-21, 1.89, 2.04, 0.35
2015-01-20, 1.93, 2.06, 0.38
2015-01-19, 1.95, 2.08, 0.39
2015-01-16, 1.97, 2.10, 0.41
2015-01-15, 1.93, 2.06, 0.37
2015-01-14, 2.01, 2.13, 0.45
2015-01-13, 2.04, 2.17, 0.48
2015-01-12, 2.05, 2.18, 0.49
2015-01-09, 2.10, 2.23, 0.53
2015-01-08, 2.14, 2.27, 0.58
2015-01-07, 2.09, 2.21, 0.55
2015-01-06, 2.08, 2.21, 0.54
2015-01-05, 2.12, 2.25, 0.54
2015-01-02, 2.18, 2.30, 0.58
2015-01-01, Bank holiday, Bank holiday, Bank holiday
2014-12-31, 2.22, 2.33, 0.62
2014-12-30, 2.24, 2.36, 0.64
2014-12-29, 2.27, 2.38, 0.67
2014-12-26, Bank holiday, Bank holiday, Bank holiday
2014-12-25, Bank holiday, Bank holiday, Bank holiday
2014-12-24, 2.32, 2.43, 0.71
2014-12-23, 2.31, 2.42, 0.70
2014-12-22, 2.22, 2.34, 0.63
2014-12-19, 2.23, 2.34, 0.63
2014-12-18, 2.27, 2.39, 0.66
2014-12-17, 2.22, 2.34, 0.62
2014-12-16, 2.17, 2.29, 0.58
2014-12-15, 2.21, 2.32, 0.61
2014-12-12, 2.19, 2.31, 0.59
2014-12-11, 2.25, 2.37, 0.63
2014-12-10, 2.25, 2.38, 0.62
2014-12-09, 2.30, 2.41, 0.63
2014-12-08, 2.31, 2.42, 0.64
2014-12-05, 2.37, 2.48, 0.66
2014-12-04, 2.34, 2.46, 0.63
2014-12-03, 2.37, 2.49, 0.65
2014-12-02, 2.38, 2.50, 0.67
2014-12-01, 2.32, 2.44, 0.60
2014-11-28, 2.28, 2.41, 0.59
2014-11-27, 2.33, 2.45, 0.63
2014-11-26, 2.36, 2.48, 0.61
2014-11-25, 2.37, 2.49, 0.61
2014-11-24, 2.40, 2.52, 0.63
2014-11-21, 2.43, 2.55, 0.66
2014-11-20, 2.45, 2.57, 0.72
2014-11-19, 2.47, 2.60, 0.75
2014-11-18, 2.43, 2.56, 0.69
2014-11-17, 2.46, 2.58, 0.70
2014-11-14, 2.47, 2.59, 0.70
2014-11-13, 2.48, 2.61, 0.73
2014-11-12, 2.49, 2.62, 0.71
2014-11-11, Bank holiday, Bank holiday, Bank holiday
2014-11-10, 2.49, 2.61, 0.70
2014-11-07, 2.46, 2.60, 0.68
2014-11-06, 2.51, 2.63, 0.72
2014-11-05, 2.46, 2.59, 0.69
2014-11-04, 2.45, 2.57, 0.67
2014-11-03, 2.46, 2.59, 0.67
2014-10-31, 2.46, 2.59, 0.68
2014-10-30, 2.46, 2.58, 0.68
2014-10-29, 2.46, 2.59, 0.68
2014-10-28, 2.45, 2.58, 0.67
2014-10-27, 2.43, 2.55, 0.65
2014-10-24, 2.42, 2.55, 0.64
2014-10-23, 2.42, 2.56, 0.64
2014-10-22, 2.40, 2.53, 0.62
2014-10-21, 2.40, 2.53, 0.59
2014-10-20, 2.38, 2.52, 0.58
2014-10-17, 2.39, 2.52, 0.58
2014-10-16, 2.37, 2.49, 0.58
2014-10-15, 2.33, 2.45, 0.56
2014-10-14, 2.37, 2.49, 0.57
2014-10-13, Bank holiday, Bank holiday, Bank holiday
2014-10-10, 2.43, 2.54, 0.61
2014-10-09, 2.45, 2.57, 0.63
2014-10-08, 2.43, 2.55, 0.62
2014-10-07, 2.44, 2.55, 0.60
2014-10-06, 2.48, 2.60, 0.64
2014-10-03, 2.50, 2.61, 0.66
2014-10-02, 2.51, 2.62, 0.67
2014-10-01, 2.49, 2.60, 0.64
2014-09-30, 2.56, 2.67, 0.71
2014-09-29, 2.53, 2.65, 0.69
2014-09-26, 2.56, 2.68, 0.71
2014-09-25, 2.56, 2.68, 0.70
2014-09-24, 2.61, 2.73, 0.75
2014-09-23, 2.59, 2.72, 0.74
2014-09-22, 2.62, 2.74, 0.77
2014-09-19, 2.64, 2.76, 0.78
2014-09-18, 2.68, 2.79, 0.82
2014-09-17, 2.67, 2.79, 0.80
2014-09-16, 2.65, 2.77, 0.77
2014-09-15, 2.64, 2.76, 0.76
2014-09-12, 2.64, 2.76, 0.76
2014-09-11, 2.60, 2.72, 0.72
2014-09-10, 2.60, 2.72, 0.73
2014-09-09, 2.58, 2.70, 0.70
2014-09-08, 2.56, 2.68, 0.68
2014-09-05, 2.54, 2.67, 0.66
2014-09-04, 2.54, 2.66, 0.66
2014-09-03, 2.51, 2.63, 0.65
2014-09-02, 2.51, 2.64, 0.65
2014-09-01, Bank holiday, Bank holiday, Bank holiday
2014-08-29, 2.43, 2.56, 0.59
2014-08-28, 2.43, 2.56, 0.59
2014-08-27, 2.44, 2.57, 0.60
2014-08-26, 2.47, 2.60, 0.63
2014-08-25, 2.47, 2.60, 0.63
2014-08-22, 2.50, 2.63, 0.66
2014-08-21, 2.51, 2.64, 0.65
2014-08-20, 2.53, 2.65, 0.66
2014-08-19, 2.50, 2.62, 0.64
2014-08-18, 2.49, 2.62, 0.61
2014-08-15, 2.46, 2.58, 0.58
2014-08-14, 2.49, 2.62, 0.61
2014-08-13, 2.51, 2.64, 0.63
2014-08-12, 2.54, 2.67, 0.67
2014-08-11, 2.51, 2.64, 0.63
2014-08-08, 2.50, 2.62, 0.61
2014-08-07, 2.50, 2.62, 0.60
2014-08-06, 2.53, 2.65, 0.62
2014-08-05, 2.53, 2.65, 0.61
2014-08-04, Bank holiday, Bank holiday, Bank holiday
2014-08-01, 2.54, 2.66, 0.58
2014-07-31, 2.58, 2.70, 0.61
2014-07-30, 2.59, 2.70, 0.63
2014-07-29, 2.52, 2.64, 0.59
2014-07-28, 2.55, 2.67, 0.62
2014-07-25, 2.56, 2.67, 0.62
2014-07-24, 2.60, 2.71, 0.68
2014-07-23, 2.57, 2.67, 0.64
2014-07-22, 2.56, 2.66, 0.63
2014-07-21, 2.57, 2.67, 0.63
2014-07-18, 2.60, 2.71, 0.67
2014-07-17, 2.58, 2.69, 0.67
2014-07-16, 2.64, 2.75, 0.73
2014-07-15, 2.66, 2.77, 0.74
2014-07-14, 2.66, 2.77, 0.74
2014-07-11, 2.66, 2.77, 0.73
2014-07-10, 2.68, 2.79, 0.75
2014-07-09, 2.68, 2.78, 0.75
2014-07-08, 2.68, 2.79, 0.76
2014-07-07, 2.73, 2.83, 0.80
2014-07-04, 2.75, 2.85, 0.81
2014-07-03, 2.75, 2.84, 0.81
2014-07-02, 2.75, 2.85, 0.83
2014-07-01, Bank holiday, Bank holiday, Bank holiday
2014-06-30, 2.68, 2.78, 0.76
2014-06-27, 2.70, 2.80, 0.78
2014-06-26, 2.70, 2.80, 0.77
2014-06-25, 2.72, 2.82, 0.78
2014-06-24, 2.73, 2.82, 0.79
2014-06-23, 2.77, 2.86, 0.82
2014-06-20, 2.75, 2.84, 0.81
2014-06-19, 2.73, 2.83, 0.81
2014-06-18, 2.71, 2.81, 0.81
2014-06-17, 2.75, 2.84, 0.85
2014-06-16, 2.72, 2.81, 0.83
2014-06-13, 2.74, 2.83, 0.85
2014-06-12, 2.74, 2.83, 0.84
2014-06-11, 2.77, 2.86, 0.87
2014-06-10, 2.77, 2.86, 0.86
2014-06-09, 2.75, 2.84, 0.84
2014-06-06, 2.75, 2.84, 0.83
2014-06-05, 2.76, 2.85, 0.85
2014-06-04, 2.77, 2.86, 0.87
2014-06-03, 2.76, 2.85, 0.86
2014-06-02, 2.72, 2.81, 0.80
2014-05-30, 2.61, 2.78, 0.77
2014-05-29, 2.62, 2.78, 0.78
2014-05-28, 2.60, 2.76, 0.76
2014-05-27, 2.67, 2.84, 0.83
2014-05-26, 2.69, 2.85, 0.85
2014-05-23, 2.68, 2.84, 0.84
2014-05-22, 2.70, 2.86, 0.86
2014-05-21, 2.68, 2.84, 0.84
2014-05-20, 2.65, 2.81, 0.81
2014-05-19, Bank holiday, Bank holiday, Bank holiday
2014-05-16, 2.63, 2.79, 0.80
2014-05-15, 2.63, 2.80, 0.80
2014-05-14, 2.66, 2.83, 0.83
2014-05-13, 2.72, 2.89, 0.89
2014-05-12, 2.76, 2.92, 0.92
2014-05-09, 2.73, 2.89, 0.90
2014-05-08, 2.73, 2.89, 0.89
2014-05-07, 2.74, 2.90, 0.88
2014-05-06, 2.73, 2.89, 0.88
2014-05-05, 2.74, 2.90, 0.88
2014-05-02, 2.72, 2.88, 0.87
2014-05-01, 2.74, 2.90, 0.89
2014-04-30, 2.76, 2.93, 0.92
2014-04-29, 2.80, 2.96, 0.94
2014-04-28, 2.81, 2.97, 0.95
2014-04-25, 2.78, 2.93, 0.90
2014-04-24, 2.79, 2.93, 0.91
2014-04-23, 2.78, 2.93, 0.89
2014-04-22, 2.80, 2.94, 0.90
2014-04-21, 2.81, 2.95, 0.91
2014-04-18, Bank holiday, Bank holiday, Bank holiday
2014-04-17, 2.80, 2.95, 0.91
2014-04-16, 2.76, 2.91, 0.88
2014-04-15, 2.77, 2.92, 0.89
2014-04-14, 2.79, 2.94, 0.91
2014-04-11, 2.78, 2.93, 0.91
2014-04-10, 2.82, 2.97, 0.93
2014-04-09, 2.84, 2.99, 0.95
2014-04-08, 2.82, 2.96, 0.93
2014-04-07, 2.83, 2.97, 0.93
2014-04-04, 2.86, 3.00, 0.95
2014-04-03, 2.89, 3.03, 0.98
2014-04-02, 2.90, 3.04, 0.99
2014-04-01, 2.87, 3.01, 0.96
2014-03-31, 2.82, 2.96, 0.91
2014-03-28, 2.80, 2.94, 0.89
2014-03-27, 2.79, 2.93, 0.87
2014-03-26, 2.82, 2.96, 0.90
2014-03-25, 2.83, 2.97, 0.91
2014-03-24, 2.80, 2.94, 0.88
2014-03-21, 2.82, 2.95, 0.90
2014-03-20, 2.84, 2.99, 0.96
2014-03-19, 2.83, 2.98, 0.95
2014-03-18, 2.78, 2.94, 0.91
2014-03-17, 2.80, 2.95, 0.93
2014-03-14, 2.76, 2.92, 0.91
2014-03-13, 2.76, 2.93, 0.91
2014-03-12, 2.82, 2.98, 0.96
2014-03-11, 2.85, 3.02, 0.97
2014-03-10, 2.86, 3.03, 0.97
2014-03-07, 2.88, 3.04, 0.99
2014-03-06, 2.86, 3.02, 0.97
2014-03-05, 2.82, 2.97, 0.95
2014-03-04, 2.82, 2.98, 0.96
2014-03-03, 2.77, 2.93, 0.91
2014-02-28, 2.78, 2.94, 0.92
2014-02-27, 2.77, 2.93, 0.93
2014-02-26, 2.80, 2.96, 0.96
2014-02-25, 2.83, 2.99, 0.99
2014-02-24, 2.86, 3.02, 1.03
2014-02-21, 2.86, 3.02, 1.04
2014-02-20, 2.89, 3.05, 1.07
2014-02-19, 2.88, 3.05, 1.07
2014-02-18, 2.89, 3.04, 1.07
2014-02-17, Bank holiday, Bank holiday, Bank holiday
2014-02-14, 2.89, 3.05, 1.08
2014-02-13, 2.89, 3.05, 1.08
2014-02-12, 2.91, 3.07, 1.10
2014-02-11, 2.89, 3.05, 1.08
2014-02-10, 2.85, 3.01, 1.04
2014-02-07, 2.84, 3.00, 1.03
2014-02-06, 2.87, 3.02, 1.05
2014-02-05, 2.82, 2.98, 1.01
2014-02-04, 2.78, 2.93, 0.96
2014-02-03, 2.74, 2.89, 0.93
2014-01-31, 2.78, 2.92, 0.95
2014-01-30, 2.81, 2.95, 0.99
2014-01-29, 2.80, 2.94, 0.99
2014-01-28, 2.85, 2.99, 1.02
2014-01-27, 2.87, 3.00, 1.02
2014-01-24, 2.83, 2.97, 0.98
2014-01-23, 2.85, 2.99, 0.99
2014-01-22, 2.91, 3.05, 1.06
2014-01-21, 2.92, 3.05, 1.05
2014-01-20, 2.92, 3.05, 1.05
2014-01-17, 2.93, 3.06, 1.06
2014-01-16, 2.95, 3.08, 1.07
2014-01-15, 2.99, 3.12, 1.11
2014-01-14, 2.99, 3.12, 1.12
2014-01-13, 2.97, 3.09, 1.09
2014-01-10, 2.98, 3.11, 1.10
2014-01-09, 3.07, 3.19, 1.16
2014-01-08, 3.10, 3.21, 1.20
2014-01-07, 3.05, 3.16, 1.14
2014-01-06, 3.09, 3.19, 1.19
2014-01-03, 3.11, 3.22, 1.23
2014-01-02, 3.11, 3.21, 1.23
2014-01-01, Bank holiday, Bank holiday, Bank holiday
2013-12-31, 3.13, 3.24, 1.25
2013-12-30, 3.11, 3.21, 1.23
2013-12-27, 3.15, 3.25, 1.28
2013-12-26, Bank holiday, Bank holiday, Bank holiday
2013-12-25, Bank holiday, Bank holiday, Bank holiday
2013-12-24, 3.09, 3.20, 1.22
2013-12-23, 3.07, 3.18, 1.21
2013-12-20, 3.07, 3.18, 1.21
2013-12-19, 3.10, 3.21, 1.23
2013-12-18, 3.10, 3.22, 1.23
2013-12-17, 3.07, 3.19, 1.21
2013-12-16, 3.09, 3.21, 1.23
2013-12-13, 3.08, 3.21, 1.22
2013-12-12, 3.09, 3.22, 1.23
2013-12-11, 3.08, 3.21, 1.23
2013-12-10, 3.04, 3.17, 1.19
2013-12-09, 3.11, 3.25, 1.27
2013-12-06, 3.14, 3.28, 1.30
2013-12-05, 3.14, 3.28, 1.30
2013-12-04, 3.11, 3.25, 1.28
2013-12-03, 3.04, 3.18, 1.20
2013-12-02, 3.05, 3.18, 1.20
2013-11-29, 3.01, 3.15, 1.18
2013-11-28, 3.00, 3.14, 1.18
2013-11-27, 3.01, 3.14, 1.18
2013-11-26, 2.97, 3.10, 1.18
2013-11-25, 3.00, 3.13, 1.21
2013-11-22, 3.02, 3.15, 1.22
2013-11-21, 3.07, 3.20, 1.26
2013-11-20, 3.06, 3.18, 1.22
2013-11-19, 2.98, 3.10, 1.14
2013-11-18, 2.96, 3.08, 1.12
2013-11-15, 2.99, 3.12, 1.15
2013-11-14, 2.99, 3.11, 1.16
2013-11-13, 3.03, 3.16, 1.20
2013-11-12, 3.07, 3.19, 1.23
2013-11-11, Bank holiday, Bank holiday, Bank holiday
2013-11-08, 3.04, 3.16, 1.21
2013-11-07, 2.96, 3.09, 1.13
2013-11-06, 2.98, 3.11, 1.13
2013-11-05, 2.97, 3.10, 1.13
2013-11-04, 2.93, 3.06, 1.09
2013-11-01, 2.95, 3.08, 1.10
2013-10-31, 2.87, 3.01, 1.02
2013-10-30, 2.87, 3.01, 1.04
2013-10-29, 2.87, 3.01, 1.01
2013-10-28, 2.89, 3.02, 1.02
2013-10-25, 2.89, 3.02, 1.02
2013-10-24, 2.89, 3.03, 1.03
2013-10-23, 2.90, 3.03, 1.03
2013-10-22, 2.94, 3.07, 1.07
2013-10-21, 3.00, 3.12, 1.12
2013-10-18, 2.98, 3.10, 1.10
2013-10-17, 3.00, 3.12, 1.11
2013-10-16, 3.04, 3.15, 1.14
2013-10-15, 3.07, 3.18, 1.17
2013-10-14, Bank holiday, Bank holiday, Bank holiday
2013-10-11, 3.03, 3.14, 1.14
2013-10-10, 3.03, 3.15, 1.14
2013-10-09, 3.00, 3.12, 1.12
2013-10-08, 2.99, 3.11, 1.11
2013-10-07, 2.99, 3.11, 1.11
2013-10-04, 3.02, 3.12, 1.12
2013-10-03, 2.98, 3.09, 1.12
2013-10-02, 2.98, 3.09, 1.14
2013-10-01, 2.97, 3.08, 1.13
2013-09-30, 2.97, 3.07, 1.13
2013-09-27, 2.98, 3.08, 1.14
2013-09-26, 3.01, 3.10, 1.17
2013-09-25, 3.00, 3.09, 1.16
2013-09-24, 3.02, 3.11, 1.18
2013-09-23, 3.07, 3.17, 1.21
2013-09-20, 3.11, 3.20, 1.25
2013-09-19, 3.12, 3.22, 1.25
2013-09-18, 3.11, 3.21, 1.23
2013-09-17, 3.17, 3.26, 1.31
2013-09-16, 3.18, 3.28, 1.31
2013-09-13, 3.16, 3.25, 1.29
2013-09-12, 3.17, 3.26, 1.30
2013-09-11, 3.17, 3.26, 1.29
2013-09-10, 3.20, 3.28, 1.35
2013-09-09, 3.13, 3.22, 1.28
2013-09-06, 3.15, 3.23, 1.30
2013-09-05, 3.17, 3.25, 1.31
2013-09-04, 3.09, 3.18, 1.24
2013-09-03, 3.06, 3.15, 1.19
2013-09-02, Bank holiday, Bank holiday, Bank holiday
2013-08-30, 2.98, 3.07, 1.10
2013-08-29, 2.98, 3.06, 1.07
2013-08-28, 3.00, 3.09, 1.10
2013-08-27, 2.96, 3.04, 1.06
2013-08-26, 3.03, 3.12, 1.15
2013-08-23, 3.07, 3.16, 1.19
2013-08-22, 3.12, 3.21, 1.24
2013-08-21, 3.12, 3.21, 1.23
2013-08-20, 3.07, 3.15, 1.18
2013-08-19, 3.12, 3.21, 1.24
2013-08-16, 3.11, 3.18, 1.21
2013-08-15, 3.07, 3.15, 1.17
2013-08-14, 3.02, 3.09, 1.11
2013-08-13, 3.01, 3.09, 1.09
2013-08-12, 2.93, 3.02, 1.02
2013-08-09, 2.90, 2.99, 1.00
2013-08-08, 2.91, 3.00, 1.01
2013-08-07, 2.92, 3.01, 1.03
2013-08-06, 2.94, 3.03, 1.06
2013-08-05, Bank holiday, Bank holiday, Bank holiday
2013-08-02, 2.91, 3.00, 1.06
2013-08-01, 2.96, 3.04, 1.09
2013-07-31, 2.88, 2.97, 1.02
2013-07-30, 2.93, 3.02, 1.09
2013-07-29, 2.89, 2.98, 1.07
2013-07-26, 2.86, 2.95, 1.04
2013-07-25, 2.88, 2.97, 1.05
2013-07-24, 2.89, 2.98, 1.06
2013-07-23, 2.83, 2.92, 1.00
2013-07-22, 2.78, 2.88, 0.95
2013-07-19, 2.79, 2.89, 0.95
2013-07-18, 2.83, 2.92, 1.00
2013-07-17, 2.81, 2.90, 0.96
2013-07-16, 2.83, 2.92, 0.98
2013-07-15, 2.83, 2.92, 1.02
2013-07-12, 2.84, 2.92, 1.01
2013-07-11, 2.84, 2.92, 1.01
2013-07-10, 2.89, 2.96, 1.04
2013-07-09, 2.86, 2.93, 1.02
2013-07-08, 2.86, 2.92, 1.01
2013-07-05, 2.90, 2.97, 1.06
2013-07-04, 2.79, 2.86, 0.97
2013-07-03, 2.80, 2.86, 0.99
2013-07-02, 2.79, 2.86, 0.99
2013-07-01, Bank holiday, Bank holiday, Bank holiday
2013-06-28, 2.84, 2.89, 1.05
2013-06-27, 2.84, 2.90, 1.06
2013-06-26, 2.90, 2.96, 1.12
2013-06-25, 2.91, 2.97, 1.13
2013-06-24, 2.87, 2.93, 1.12
2013-06-21, 2.84, 2.90, 1.10
2013-06-20, 2.73, 2.80, 0.97
2013-06-19, 2.68, 2.75, 0.89
2013-06-18, 2.62, 2.70, 0.85
2013-06-17, 2.61, 2.69, 0.84
2013-06-14, 2.59, 2.68, 0.82
2013-06-13, 2.61, 2.69, 0.81
2013-06-12, 2.67, 2.75, 0.90
2013-06-11, 2.64, 2.72, 0.87
2013-06-10, 2.67, 2.75, 0.85
2013-06-07, 2.63, 2.72, 0.80
2013-06-06, 2.53, 2.62, 0.69
2013-06-05, 2.54, 2.62, 0.65
2013-06-04, 2.56, 2.64, 0.62
2013-06-03, 2.53, 2.60, 0.61
2013-05-31, 2.46, 2.63, 0.65
2013-05-30, 2.47, 2.64, 0.68
2013-05-29, 2.48, 2.65, 0.68
2013-05-28, 2.49, 2.66, 0.65
2013-05-27, 2.42, 2.60, 0.62
2013-05-24, 2.38, 2.56, 0.60
2013-05-23, 2.39, 2.57, 0.61
2013-05-22, 2.38, 2.57, 0.61
2013-05-21, 2.34, 2.53, 0.57
2013-05-20, Bank holiday, Bank holiday, Bank holiday
